videoId,numbering_ref,title_ref,guest_auto_ref,numbering_confirmed,guest_confirmed,category_confirmed,tags,memo
6KP_YIzzPvc,911,第一印象→イマ 前編,"天開司, 佐藤ホームズ, 歌衣メイカ, Marpril（立花 鈴, 谷田 透佳）",,,,,
oYfRMzLCVTE,910,驚いてくれ～い！サプライズプレゼントはエゴpart4,"天開司, 佐藤ホームズ, 歌衣メイカ, Marpril（立花 鈴, 谷田 透佳）",,,,,
ligGK4IdipY,909,バナナの謎をいつまで謎にしておくつもりだい？,"天開司, 佐藤ホームズ, 歌衣メイカ, Marpril（立花 鈴, 谷田 透佳）",,,,,
x8kxq3OdD84,908,Yo！そして銀テを飛ばそう！,"天開司, 佐藤ホームズ, 歌衣メイカ, Marpril（立花 鈴, 谷田 透佳）",,,,,
eQeH-6x0Rbg,907,もっと評価されるべき　伝説はここから始まった　part1リンク　先生、タグロックそこじゃないです,"天開司, 佐藤ホームズ, 歌衣メイカ, アイオーン・ヴェルナ",,,,,
FjQY4t8HKgE,906,ドロヘドロ早口おじさん,"竹谷竿丈, 甘乃あもこ, Marpril（立花 鈴, 谷田 透佳）",,,,,
jdHAlMogp0Y,905,年一で見ちゃう動画発表会,"天開司, 佐藤ホームズ, 歌衣メイカ, アイオーン・ヴェルナ",,,,,
m6lG-uLO0j8,904,人の鉄板話がスベるところ,"天開司, 佐藤ホームズ, 歌衣メイカ, アイオーン・ヴェルナ",,,,,
1ALbv3z35fU,903,【またやってきた】クイズ! 竹谷竿丈【ドットアビス】,"天開司, 佐藤ホームズ, 歌衣メイカ, アイオーン・ヴェルナ, 竹谷竿丈",,,,,
E78qC4OopFI,902,コーサカ、辞める,"天開司, 佐藤ホームズ, 歌衣メイカ, アイオーン・ヴェルナ",,,,,
t4ThPywZqwU,901,しかしコーサカに電流走る──！,"天開司, 佐藤ホームズ, 歌衣メイカ, アイオーン・ヴェルナ",,,,,
6z2gqy0yO2M,900,i 罠 bee wiΘ U,"竹谷竿丈, 甘乃あもこ, Marpril（立花 鈴, 谷田 透佳）",,,,,
LpL8KUz_YJA,899,free flow! -Marpril ga freeni-,"竹谷竿丈, 甘乃あもこ, Marpril（立花 鈴, 谷田 透佳）",,,,,
G_NT8U9fPtc,898,とある谷田のG退治,"竹谷竿丈, 甘乃あもこ, Marpril（立花 鈴, 谷田 透佳）",,,,,
M-6DjtXsWMk,897,"【2026年春夏】スマートカジュアル徹底解説！竹谷が教える""正解""コーデ","竹谷竿丈, 甘乃あもこ, Marpril（立花 鈴, 谷田 透佳）",,,,,
OKOvW4z6XjQ,,Bite me. (bite back remix)  Live ver.,,,,,,
vPYH4m5o-I0,896,秋葉原と廣井きくりTシャツとアンジョー,"天開司, 佐藤ホームズ, アイオーン・ヴェルナ, Marpril（立花 鈴, 谷田 透佳）",,,,,
eAwzajpfYBM,895,BAKUNE「貴方は段々段々眠くなーる」,"天開司, 佐藤ホームズ, アイオーン・ヴェルナ, Marpril（立花 鈴, 谷田 透佳）",,,,,
emOwy7cBrZU,894,肌荒れの乱,"天開司, 佐藤ホームズ, アイオーン・ヴェルナ, Marpril（立花 鈴, 谷田 透佳）",,,,,
5xqGyXxvA-E,893,周年に備えるのに理由がいるかい？,"天開司, 佐藤ホームズ, アイオーン・ヴェルナ, Marpril（立花 鈴, 谷田 透佳）",,,,,
wHLwn6d7BGE,892,置き洒落怖,"天開司, 佐藤ホームズ, アイオーン・ヴェルナ, エハラミオリ",,,,,
Cku0lYvxr3Y,891,スクイーズ is 何？,"天開司, 佐藤ホームズ, アイオーン・ヴェルナ, Marpril（立花 鈴, 谷田 透佳）",,,,,
ax7hNs1XVuY,890,眠らない星の上の亡霊,"和央パリン, えのぐ（日向奈央）, 甘乃あもこ",,,,,
10umbKcO2oY,889,ピューと吹く美容液,"和央パリン, えのぐ（日向奈央）, 甘乃あもこ",,,,,
l7dyfLYUhps,888,赤福（大阪）VS赤福（東京）,"天開司, 佐藤ホームズ, アイオーン・ヴェルナ, Marpril（立花 鈴, 谷田 透佳）, エハラミオリ",,,,,
ocXIJquhd5w,,キスキツネ covered MZM,,,,,,
SRNNPC5_MkU,,だるまさんころび高校校歌 covered esora uma,,,,,,
q0EyLrU-mZg,887,赤福って一日何個食べられる？,"天開司, 佐藤ホームズ, Marpril（立花 鈴, 谷田 透佳）, アイオーン・ヴェルナ",,,,,
B1EczQmCzYQ,886,聖徳太子「普通に無理」,"天開司, 佐藤ホームズ, Marpril（立花 鈴, 谷田 透佳）, アイオーン・ヴェルナ",,,,,
xHXnXiFsF-I,885,だるまさんをころばす,"天開司, 佐藤ホームズ, Marpril（立花 鈴, 谷田 透佳）, アイオーン・ヴェルナ",,,,,
oXbAukMSfAY,884,スイーツを食べるだけ動画（ガチ）,"和央パリン, えのぐ（日向奈央）, 甘乃あもこ",,,,,
PTA4Lwbu6S8,883,男5人で #メイトなラウンドワン  に来ました!!,"天開司, 佐藤ホームズ, 歌衣メイカ",,,,,
r590BkhehTQ,882,地球の最後に日になって欲望のタガが外れたら飲む飲み物なーんだ？,"和央パリン, えのぐ（日向奈央）, 甘乃あもこ",,,,,
-Kpm1sDzMiU,881,アイカツアカデミー！の貴重な〇〇シーン,"和央パリン, えのぐ（日向奈央）, 甘乃あもこ",,,,,
IjHs9BIcwic,880,塩マスターにならなくちゃ,"天開司, 影山シエン, 竹谷竿丈",,,,,
knB-yO7Ds0I,879,私たちは 爆発的に楽しみました！ cheers！,"天開司, 影山シエン, 竹谷竿丈",,,,,
Hzja92iNqOs,878,ウチ　ぽこあを　やってるんだー！,"天開司, 影山シエン, 竹谷竿丈",,,,,
EB8NZpEQXVo,877,クレイラドールによろしく2,"天開司, 影山シエン, 竹谷竿丈",,,,,
TBSWCyA_gA0,876,バイブル症候群,"天開司, 影山シエン, 竹谷竿丈",,,,,
RhR1bp26D18,875,小津安二郎という衝撃,"天開司, 影山シエン, 竹谷竿丈",,,,,
2W_phlS66Qk,874,コーサカ、黄色いレンガ道を辿る,"天開司, 影山シエン, 竹谷竿丈",,,,,
bXq0Ar9rRa4,,ふたりはMZM,,,,,,
EdMfQjVj-P0,873,コラボイヤホン作った！！！！！,"天開司, 影山シエン, 竹谷竿丈",,,,,
1EZTKujXCEE,872,シーホークスVSペイトリオッツVS生牡蠣VSダークライ,"天開司, 佐藤ホームズ, 歌衣メイカ",,,,,
bH3HLYWxEB8,871,佐藤ホームズ、叫ぶ,"天開司, 佐藤ホームズ, 歌衣メイカ",,,,,
iGXrszYkUJc,870,解禁,"天開司, 佐藤ホームズ, 歌衣メイカ",,,,,
kNoGp2VQ8-U,869,バベルの塔でも裂けない絆,"天開司, 佐藤ホームズ, 歌衣メイカ",,,,,
WCWxeZA86l0,868,旅は道連れ、まじで道連れ,"天開司, 佐藤ホームズ, 歌衣メイカ",,,,,
RM0AzWSpvao,867,空の重い街で,"天開司, 佐藤ホームズ, 歌衣メイカ",,,,,
Z87S-cLXSu4,866,国宝観た？？,"天開司, 佐藤ホームズ, 歌衣メイカ, アイオーン・ヴェルナ, 竹谷竿丈",,,,,
6Ww4aDGwoG0,865,【妄想止まらん】ふつうの軽音部、ドラフトあと語り,"天開司, 佐藤ホームズ, 歌衣メイカ, アイオーン・ヴェルナ, 竹谷竿丈",,,,,
LANLML2meFY,864,【ふつうの軽音部】はーとぶれいくが歌ってくれるよ!! ドラフト会議【後編】,"天開司, 佐藤ホームズ, 歌衣メイカ, アイオーン・ヴェルナ, 竹谷竿丈",,,,,
uzJUjCoGQKY,863,【ふつうの軽音部】はーとぶれいくが歌ってくれるよ!! ドラフト会議【前編】,"天開司, 佐藤ホームズ, 歌衣メイカ, アイオーン・ヴェルナ, 竹谷竿丈",,,,,
hjAZJNZkpN0,862,【帰ってきた】クイズ！ 竹谷竿丈【マブラヴ】,"天開司, 佐藤ホームズ, 歌衣メイカ, アイオーン・ヴェルナ, 竹谷竿丈",,,,,
Jy46P17gMb4,861,実家の押し入れにあったオタクグッズ出す,"風見くく, 影山シエン, 竹谷竿丈, 夜乃ネオン",,,,,
RbUdc7BXLEg,860,2007年頃アキバで配られてた情報誌を見よう！,"風見くく, 影山シエン, 竹谷竿丈, 夜乃ネオン",,,,,
ORnzA7AQwcY,859,シャドウズ・エッジ布教男,"風見くく, 影山シエン, 竹谷竿丈, 夜乃ネオン",,,,,
NHT-ShR_4ec,858,ハッピーリスナーウェディング,"天城てん, 竹谷竿丈",,,,,
OAYaEYNqiJc,857,TRAGEDY OR COMEDY,"天城てん, 竹谷竿丈",,,,,
DxlH_1PbelQ,856,人生最高額晩飯,"天開司, 佐藤ホームズ, 歌衣メイカ",,,,,
ayAQwtN7n8w,,【BD受注中!】#MZMカウントダウン2025 ダイジェスト版,,,,,,
YYRddQ7MRds,855,14歳のリュウ「俺より強い奴に会いにいく」,"佐藤ホームズ, 歌衣メイカ",,,,,
jipChP2glWY,854,尿意メーター,"佐藤ホームズ, 歌衣メイカ",,,,,
ZxCk7g_6HN0,853,超能力者カフェ,"佐藤ホームズ, 歌衣メイカ",,,,,
KHCWvd_8CJg,852,私出すから観に行こ。アニメは一期だけ観といて！,"甘乃あもこ, アイオーン・ヴェルナ, Marpril（立花 鈴, 谷田 透佳）",,,,,
G3N__kruHrI,851,教室に戻ったら自分の席に隣のクラスの騒がしい女子が座っていた件,"甘乃あもこ, アイオーン・ヴェルナ, Marpril（立花 鈴, 谷田 透佳）",,,,,
ldhegEH3g3Q,850,2025年通年＆下半期買ってよかったものランキング,"甘乃あもこ, アイオーン・ヴェルナ, Marpril（立花 鈴, 谷田 透佳）",,,,,
4qGnbnuQ3co,849,姪っ子（仮）の貴重な○○シーン,"甘乃あもこ, アイオーン・ヴェルナ, Marpril（立花 鈴, 谷田 透佳）",,,,,
mwMPCUaPFKc,848,アパレルパラレル,"甘乃あもこ, アイオーン・ヴェルナ, Marpril（立花 鈴, 谷田 透佳）",,,,,
LZbP93s5-7s,847,初夢2026,,,,,,
SXzSpzyAP-g,846,山本「俺は3試合に登板して3勝だった(^^)」,"天開司, 佐藤ホームズ, 歌衣メイカ",,,,,
bP-DwtsNIzc,,天城てん修行編 その4,,,,,,
WldkPF8MUOQ,845,怪我の履歴書,"天城てん, 竹谷竿丈",,,,,
jaBhod3viag,844,単行本の間に挟まってたチラシで買った漫画ある？,"天開司, 佐藤ホームズ, 歌衣メイカ",,,,,
5vXgmNGQHuo,,天城てん修行編 その3,,,,,,
umlpmlOLxO0,,天城てん修行編 その2,,,,,,
f_V5IRksSno,843,【非公式動画】頑張れ！7兆倍先生【クトゥルフ神話TRPG】,"ディズム, 佐藤ホームズ, 藍月なくる, まだら牛, 7兆倍",,,,,
BiBwFVCzzBw,,天城てん修行編 その1,,,,,,
MzzCxeBVZZM,842,コーサカはどのHO選ぶの!? 王選手権!! Part3,"ディズム, 佐藤ホームズ, 藍月なくる, まだら牛, 7兆倍",,,,,
LsAq1_2XmEI,841,どれがコーサカのシナリオ!? 王選手権 Part3,"ディズム, 佐藤ホームズ, 藍月なくる, まだら牛, 7兆倍",,,,,
j4LikwCUhfo,840,カタシロ原作者の貴重な〇〇シーン,"ディズム, 佐藤ホームズ, 藍月なくる, まだら牛",,,,,
osoSG6dOjEA,839,TRPGをやる時に気を付ける事　その1,"天開司, 佐藤ホームズ, 歌衣メイカ",,,,,
VRn6HEx1fPE,838,マジカルピクミン,"天開司, 佐藤ホームズ, 歌衣メイカ",,,,,
dGMEeyUSSnw,837,ボンボン餓狼とサニーパンチと私,"天開司, 佐藤ホームズ, 歌衣メイカ",,,,,
vzmjx3GYwnk,836,【年末企画】メイトのみやげクイズ,"天開司, 佐藤ホームズ, 歌衣メイカ",,,,,
h5zkfKCOPvY,835,ティファニーで超ショック！！！,"諸星めぐる, 儒烏風亭らでん, 如月れん, 佐藤ホームズ",,,,,
wum6A6q9RMA,834,【みんなの民俗学】教えて！諸星先生,"諸星めぐる, 儒烏風亭らでん, 如月れん, 佐藤ホームズ",,,,,
KD1j4t_VF94,833,店員さんのご飯説明憶えている人0人説,"諸星めぐる, 儒烏風亭らでん, 如月れん, 佐藤ホームズ",,,,,
RE3vtsoRlCE,832,決闘ですわよ,"諸星めぐる, 儒烏風亭らでん, 如月れん, 佐藤ホームズ",,,,,
Re8gQ_4bx2s,831,車窓で忍者走らせてる人集まれ！！,"諸星めぐる, 儒烏風亭らでん, 如月れん, 佐藤ホームズ",,,,,
u6LVauq02bw,830,民俗学好きの貴重な〇〇シーン,"諸星めぐる, 儒烏風亭らでん, 如月れん, 佐藤ホームズ",,,,,
4zDZCHNWQAc,829,コラボラベルのお酒を試飲しよう2025!!,佐藤ホームズ,,,,,
HyN69Z3H_Yg,828,ロケ企画発表!! #MZMカウントダウン2025,"天開司, 佐藤ホームズ, 歌衣メイカ",,,,,
6DKApr7UOw0,827,【限界突破】以心伝心お昼ご飯を食べよう王 選手権!! 後編,"佐藤ホームズ, 藍月なくる, アイオーン・ヴェルナ",,,,,
jMjXs5Z67rc,826,以心伝心お昼ご飯を食べよう王 選手権!!,"佐藤ホームズ, 藍月なくる, アイオーン・ヴェルナ",,,,,
c3artD91Nbc,825,TRPGの嫌いなところ,"まだら牛, MaiR, 佐藤ホームズ, 藍月なくる, 健屋花那",,,,,
fpEkQJqVah8,824,アンジョーがまたクレジットカード不正利用されたってよ,"佐藤ホームズ, 藍月なくる, アイオーン・ヴェルナ",,,,,
VaFXnFuOkdY,823,ご飯の会計、割り勘するか？全部奢るか？,"佐藤ホームズ, 藍月なくる, アイオーン・ヴェルナ",,,,,
H5QyrUkzSDU,822,中華料理屋の床がベタベタ←美味い,"Ci, NICO, 駄ゞ田メダ, ひとなつおもい",,,,,
v9kEJzs6PRY,821,ライブMCでなんて言ったか王 選手権!!,,,,,,
FVMbx2o7jW4,820,しょーがねぇなぁ、東鳩の動画だよ,,,,,,
8sWmEnl5bGQ,819,俺の私の好きな歌を聴けーー！！,"天開司, 佐藤ホームズ, 天城てん, ひとなつおもい",,,,,
rs-u0M0G47Y,818,あなたが思うよりこの世界が嘘でもきっと飛べるさラララ―ラララ―ラララー◎아파트 아파트♪,"天開司, 佐藤ホームズ, 天城てん, ひとなつおもい",,,,,
8uS5H4xpsn8,817,オペラグラスってなんですか！？,,,,,,
GcW4PULLqgk,816,その吸血鬼は恋をする,"天開司, 佐藤ホームズ, 天城てん, ひとなつおもい",,,,,
TxvNKJttldk,815,コーサカ、好きになりました。 もんひな編,"天開司, 佐藤ホームズ, 天城てん, ひとなつおもい",,,,,
LfEQ2QndrE8,814,"おじさん例えVS""Z世代""","天開司, 佐藤ホームズ, 天城てん, ひとなつおもい",,,,,
35niXl6F1ws,813,アンジョーのライブをプロデュース,"Ci, NICO, 駄ゞ田メダ, ひとなつおもい",,,,,
hdXnE-YKRpo,812,"白米 for all, all for 白米","まだら牛, 佐藤ホームズ, 藍月なくる, 健屋花那",,,,,
6U9u8u9aD20,811,まだら牛は電子書籍の夢を見るか？,"まだら牛, MaiR, 佐藤ホームズ, 藍月なくる, 健屋花那",,,,,
S5bHl2tHH6g,810,JPOPパンチライン王選手権,"Ci, NICO, 駄ゞ田メダ, ひとなつおもい",,,,,
S2mOgRAhTiY,809,小5の貴重な〇〇シーン,"Ci, NICO, 駄ゞ田メダ, ひとなつおもい",,,,,
0hseY9gF_gk,808,俺に向けられた作品じゃない,"まだら牛, MaiR, 佐藤ホームズ, 藍月なくる, 健屋花那",,,,,
Gu7L-nTvn9o,807,Ctrl+Sを忘れずに,"まだら牛, MaiR, 佐藤ホームズ, 藍月なくる, 健屋花那",,,,,
GyhPUov0Jlo,806,狂気山脈の人の貴重な〇〇シーン,"まだら牛, MaiR, 佐藤ホームズ, 藍月なくる, 健屋花那",,,,,
gs8uZORbF9o,805,食う女と食えない男の一週間nosh（のある）生活,藍月なくる,,,,,
MMxw-eyZjOw,804,なくちゃを救わなくちゃ,"佐藤ホームズ, 藍月なくる, 健屋花那, まだら牛",,,,,
kSafJUJGXFY,803,山椒忘るべからず,"天開司, 佐藤ホームズ, 藍月なくる, 健屋花那, 竹谷竿丈, YACA IN DA HOUSE, エハラミオリ",,,,,
zlFVQLpNJa0,802,杏仁豆腐VSヨーグルト　ラァウンドツー……ファイ！,"天開司, 佐藤ホームズ, 藍月なくる, 健屋花那, 竹谷竿丈, YACA IN DA HOUSE, エハラミオリ",,,,,
pFMxmHltYOs,801,人生のフルコース発表会,"天開司, 佐藤ホームズ, 歌衣メイカ, 天城てん",,,,,
28991vtE75s,800,自分のクイズを友達に出してみた,"天開司, 佐藤ホームズ, 藍月なくる, 健屋花那, アイオーン・ヴェルナ, 竹谷竿丈, YACA IN DA HOUSE, エハラミオリ",,,,,
JUJNbCDLt2M,799,右手に傘を左手にファンを,"Ci, NICO, 駄ゞ田メダ, ひとなつおもい",,,,,
RLrZGIfgUv0,798,健やかにしててね健屋さん！！,"健屋花那, 藍月なくる, 佐藤ホームズ, まだら牛",,,,,
ujAZLt6ZQgg,797,【2025年上半期】買ってよかったものベスト3,"天開司, 佐藤ホームズ, 歌衣メイカ, 天城てん",,,,,
-xpEijGdsBI,796,猪木問答TRPG説,"健屋花那, 藍月なくる, 佐藤ホームズ, まだら牛",,,,,
gDO_yn22TTI,795,【後編】数字ゴルフ,"天開司, 佐藤ホームズ, 歌衣メイカ, 天城てん",,,,,
a1aGmPNCrPI,794,健屋花那「ベンズアルデヒド」←頭良い,"健屋花那, 藍月なくる, 佐藤ホームズ, まだら牛",,,,,
6bzvdeHoFvo,793,【前編】数字ゴルフ,"天開司, 佐藤ホームズ, 歌衣メイカ, 天城てん",,,,,
WVrUyiW1710,792,心の整理,"天開司, 佐藤ホームズ, 歌衣メイカ, 天城てん",,,,,
MDoc07CpT2U,790,このツッコミは肩にかかる,"サキュバスのリヤ, 佐藤ホームズ, Ci, 夜乃ネオン",,,,,
zDoHJO6fEEc,789,コーサカくんは断れない,"サキュバスのリヤ, 佐藤ホームズ, Ci, 夜乃ネオン",,,,,
LK-69fcVHaE,788,(物)忘れな草なあなたに,"サキュバスのリヤ, 佐藤ホームズ, Ci, 夜乃ネオン",,,,,
j-C_oECoy1s,787,俺が時間を稼ぐ！先に行け！,"サキュバスのリヤ, 佐藤ホームズ, Ci, 夜乃ネオン",,,,,
rqK7kkmY6fw,786,愛がある動画,"サキュバスのリヤ, 佐藤ホームズ, Ci, 夜乃ネオン",,,,,
xAZESmIRKlE,785,マ〇オ「エーッ、謎を解かないと買えないのかい！？」,"サキュバスのリヤ, 佐藤ホームズ, Ci, 夜乃ネオン",,,,,
7j3ye6SX8Cw,784,Nintendo Switch 2を手に入れる為に必要な10の事,"サキュバスのリヤ, 佐藤ホームズ, Ci, 夜乃ネオン",,,,,
mp4J3GET5JE,783,万博、こんにちは,"サキュバスのリヤ, 佐藤ホームズ, Ci, 夜乃ネオン",,,,,
2-2Qt0X5y00,782,サキュバスの貴重な〇〇シーン,"サキュバスのリヤ, 佐藤ホームズ, Ci, 夜乃ネオン",,,,,
8qfN0GsKL7U,781,詐欺師は首から下に汗をかく,"銀河アリス, 歌衣メイカ, 佐藤ホームズ, 甘乃あもこ",,,,,
ZlgyQKFlCsc,780,青海(おうめ),"銀河アリス, 歌衣メイカ, 佐藤ホームズ, 甘乃あもこ",,,,,
c2-xHe7E9VQ,779,あもこ博士とあもこ氏,"甘乃あもこ, 銀河アリス, 歌衣メイカ, 佐藤ホームズ",,,,,
ZT3X9gv1AEQ,778,しりとりをしていただけなのに　〜無限スクワット編〜,"銀河アリス, 歌衣メイカ, 佐藤ホームズ, 甘乃あもこ",,,,,
97sPTzamzcw,777,案の定こう来たか,"儒烏風亭らでん, ジョー・力一, 龍ヶ崎リン, 天開司",,,,,
owSYLkBfCUU,776,美術・博物鑑賞論（選択）,"儒烏風亭らでん, ジョー・力一, 龍ヶ崎リン, 天開司",,,,,
OXfsh5ZB_zo,775,ワンマンの裏話をするVtu…,,,,,,
RY0WIx_LVVU,774,【まいたけ】ぐるぐる王 選手権!!,"儒烏風亭らでん, ジョー・力一, 龍ヶ崎リン, 天開司",,,,,
SUqxgpBhXoY,772,1日3回を4日分、これなーんだ？,"儒烏風亭らでん, ジョー・力一, 龍ヶ崎リン, 天開司",,,,,
IDxyFCnWG1U,771,二日酔い学芸員の貴重な〇〇シーン,"儒烏風亭らでん, ジョー・力一, 龍ヶ崎リン, 天開司",,,,,
4UaTkI5ht34,770,DareGuessr,"風見くく, 影山シエン, 天開司, 佐藤ホームズ",,,,,
rMC_NtRdDYY,769,影に怯えるし山場はあるし私怨もある,"風見くく, 影山シエン, 天開司, 佐藤ホームズ",,,,,
QyKMgGx6zOw,768,わさび切り替わり時期ってマジ……？,"風見くく, 影山シエン, 天開司, 佐藤ホームズ",,,,,
vfj4gq7CKdI,767,ペロ　こ、これは…○○,"風見くく, 影山シエン, 天開司, 佐藤ホームズ",,,,,
IAxsSL3fF-k,,花になって covered MZM,,,,,,
3uB9EejDeUo,766,【2005~2009年】アニメED曲ドラフト会議！！！,"風見くく, 影山シエン, 天開司, 佐藤ホームズ",,,,,
DOzhw-Ff5hA,765,【2005~2009年】アニメOP曲ドラフト会議！！！,"風見くく, 影山シエン, 天開司, 佐藤ホームズ",,,,,
a2mE7Oisla8,764,【チェキ】スマホプリンターってこんな進化してんの？#instaxminiLink3,サキュバスのリヤ,,,,,
CXWIkRmBmPQ,,はうまっちわーるど（Live ver.）,,,,,,
gomg9-0lhbI,763,もう鶏要素がなくなった人の貴重な〇〇シーン,"風見くく, 影山シエン, 天開司, 佐藤ホームズ",,,,,
YXWYCuMFPik,762,TRPG昼休み,"藍月なくる, 佐藤ホームズ",,,,,
OB88rOrkp4U,761,ノイキャンの弊害,"藍月なくる, 佐藤ホームズ",,,,,
3slTu87eHW4,760,クイズを出す時、こちらもまたクイズを出されているのだ,"藍月なくる, 佐藤ホームズ",,,,,
uck9ufP8TIY,759,カフェでMacBookを開いている人へ,"藍月なくる, 佐藤ホームズ",,,,,
5lvXyM2vLwA,758,リメイクの予感,,,,,,
IbeC5q8VUr8,757,ご飯ダイスキ！あいつきさん,"藍月なくる, 佐藤ホームズ",,,,,
TRgLRufyUpQ,756,トイレノ・カーギ問題,,,,,,
4bcoSuOe-wQ,755,サクハコアフター2,,,,,,
hIa9_2YzApA,,『桜が好きを運んだら』 ゲームプレイ映像,,,,,,
E0rl-apWwf0,,アンジョー「ちかいのことば」Music Video,,,,,,
sckCKq4cCb8,754,相！相！相！,,,,,,
n6Kzlb0lxv8,753,俺たちの大冒険!!,,,,,,
G10Yn_6fZAs,752,アレルギー検査をしよう！！,"天開司, 歌衣メイカ, 佐藤ホームズ",,,,,
2679otNgetU,751,緊急謝罪会見リターンズ,"天開司, 歌衣メイカ, 佐藤ホームズ",,,,,
wmwj0jANOYU,750,赤木「スクリーンタイムはどうしたあ！！」,"天開司, 歌衣メイカ, 佐藤ホームズ",,,,,
54SluBscDsg,749,スーパーボウルで負けるの4年ぶり,"天開司, 歌衣メイカ, 佐藤ホームズ",,,,,
OHn-5wVmwWo,748,ドンチッチどっちっち？,"天開司, 歌衣メイカ, 佐藤ホームズ",,,,,
YPMnutINtzU,747,我々は7周年,,,,,,
JAtW5L1FLc8,746,佐藤、眼鏡買ったってよ,"天開司, 歌衣メイカ, 佐藤ホームズ",,,,,
x6nS9xiPsZw,745,緊急謝罪会見やってみた,"天開司, 歌衣メイカ, 佐藤ホームズ",,,,,
VJtjwDOVs2s,744,大荒れだったドラフト会議を振り返る,"天開司, 歌衣メイカ, 立花 鈴（Marpril）, アイオーン・ヴェルナ",,,,,
e19cwcRDEyI,743,【ED編】週刊少年ジャンプアニメドラフト会議！！！,"天開司, 歌衣メイカ, 立花 鈴（Marpril）, アイオーン・ヴェルナ",,,,,
qYZmP5Yfwmg,742,【マイク】教えて！ アンジョー先生【一時間目】,,,,,,
l6WMU8owUjM,741,低音障害感音性難聴になりました。,"天開司, 歌衣メイカ, 立花 鈴（Marpril）, アイオーン・ヴェルナ",,,,,
4ofUhAdLwmM,740,iPhoneドッキリINシンガポール,,,,,,
bGJNnXSJqZE,739,noshのバナナドーナツ美味し過ぎ問題,,,,,,
yaVQjgWyNc8,,アンジョー「狼狽」Live ver.,,,,,,
qcqDaPMPtXs,738,もう二度と聴けないアニソン,"天開司, 歌衣メイカ, 立花 鈴（Marpril）, アイオーン・ヴェルナ",,,,,
VulorDeTJOI,737,週刊少年ジャンプアニメOP曲ドラフト会議！！！,"天開司, 歌衣メイカ, 立花 鈴（Marpril）, アイオーン・ヴェルナ",,,,,
oM9L9a_9Lao,736,クレイラドールによろしく,"天開司, 歌衣メイカ, 立花 鈴（Marpril）, アイオーン・ヴェルナ",,,,,
7y7lUTTojOQ,735,ラストワンshow‼,"ななひら, 天開司, 竹谷竿丈, 夜乃ネオン",,,,,
M5Igi66I4mc,734,滑り台VS発電所,"天開司, 歌衣メイカ, 佐藤ホームズ, あとり依和",,,,,
H70QMj1OKGA,733,賭場破滅録天開（ジ）,"天開司, 佐藤ホームズ",,,,,
mZxstPv240Y,732,どうしてもバッティングで例えたい,"ななひら, 天開司, 竹谷竿丈, 夜乃ネオン",,,,,
svUn-HckbWk,731,ガチのシンガポール旅行,"天開司, 佐藤ホームズ",,,,,
65R3Qtw9M2o,730,白いたてがみの獅子（シンガ）の住む島に行きました #HISでメイトなシンガポール旅,"天開司, 佐藤ホームズ",,,,,
PjcNzJkdQYU,729,シャコタン☆ブギ,"ななひら, 天開司, 竹谷竿丈, 夜乃ネオン",,,,,
fb9joEyoM7s,728,帰り道RTA 〜空飛ぶチャリpart2〜,"ななひら, 天開司, 竹谷竿丈, 夜乃ネオン",,,,,
YjrpXJ4bdXs,727,インフィニティ活動,"ななひら, 天開司, 竹谷竿丈, 夜乃ネオン",,,,,
-GXWXMFmlOc,726,じゃんけん列車だョ！全員集合,"ななひら, 天開司, 夜乃ネオン",,,,,
du5XnRPK1WM,725,インターネット女の貴重な〇〇シーン,"ななひら, 天開司, 竹谷竿丈, 夜乃ネオン",,,,,
yQLMJze8rw0,724,野外ライブの反応が良かった件,"天開司, 歌衣メイカ, 佐藤ホームズ",,,,,
RvmhtoNSmPU,723,司、無音、クイズにて。,"天開司, 歌衣メイカ, 佐藤ホームズ",,,,,
4Drr2sM2E0o,722,ドーパミーンミンミンミンミンミーン(蝉),"歌衣メイカ, 佐藤ホームズ",,,,,
NK0cFNN2lYQ,721,涼宮ハルヒを知らない男,"天開司, 佐藤ホームズ",,,,,
b1XY3c7D3gU,720,おねショタ黒ギャルNTR,"歌衣メイカ, 佐藤ホームズ",,,,,
x-7IS0I5Zhc,,【BD受注中!】#MZMカウントダウン2024 ダイジェスト版,,,,,,
UMdpyZJ9Bog,719,ふぃぎゅ@モンスターズメイト,,,,,,
M2G2OE8Xf_Q,718,天開司のψ難,"天開司, 歌衣メイカ, 佐藤ホームズ",,,,,
PkwRXYI3DJA,717,初夢2025,,,,,,
-PMr876PMO0,716,CR駅舎でワンチャンに賭けた結果,"歌衣メイカ, 佐藤ホームズ",,,,,
VcPTTiftLDI,715,イマジナリーぽんぽこ,"歌衣メイカ, 佐藤ホームズ",,,,,
sxgPPU1B0uY,714,本棚からウフフな本を見抜け！,"歌衣メイカ, 佐藤ホームズ",,,,,
nPMs5k93pXE,713,とんねるずのおかげです,"歌衣メイカ, 佐藤ホームズ",,,,,
zCRspb7kmCY,712,人間ドックなど,"歌衣メイカ, 天開司, 佐藤ホームズ",,,,,
2YgRlUyLZqg,711,月は東に日は西に(早口),"歌衣メイカ, 佐藤ホームズ",,,,,
B47lwNIIcTg,710,これで奪還屋にハマった(1/3),"歌衣メイカ, 佐藤ホームズ",,,,,
fdy7blnB-MQ,,アンジョー「狼藉」Live ver.,,,,,,
51s3viB-IvY,709,コーサカ、取調べを受ける,"やみえん, 健屋花那, Ci, 佐藤ホームズ",,,,,
T5uOJjli77o,708,トキキル オレ着ル,"やみえん, 健屋花那, Ci, 佐藤ホームズ",,,,,
yG8nxTAvF2I,707,ロブスターを素手で食う,"やみえん, 健屋花那, Ci, 佐藤ホームズ",,,,,
s-Y5U7KoN1E,706,やみえん、モノ申す！,"やみえん, 健屋花那, Ci, 佐藤ホームズ",,,,,
8Q-4r_ha5b0,,介錯 feat. 駄ゞ田メダ、NICO（Live ver.）,,,,,,
acb4DQacTiU,705,今年もコラボラベルのお酒を試飲しよう!!,"天開司, 歌衣メイカ, 佐藤ホームズ",,,,,
ZTyrDsQobgY,704,恐怖！ 人間ホース,"やみえん, 健屋花那, Ci, 佐藤ホームズ",,,,,
D29zOYzDKOA,703,桃が流れてこない桃太郎,"やみえん, 健屋花那, Ci, 佐藤ホームズ",,,,,
iBe78y-NwVM,702,ミステリアス俳優の貴重な〇〇シーン,"やみえん, 健屋花那, Ci, 佐藤ホームズ",,,,,
zaT7MFqMQP8,701,100日チャレンジ途中経過,"天開司, 歌衣メイカ, 佐藤ホームズ",,,,,
DfKUbpJ7hs0,700,因果応報　善・悪,"天開司, 歌衣メイカ, 佐藤ホームズ",,,,,
VD2z1Vhmcrw,,"Baby上等 feat. 天開司, 佐藤ホームズ & 歌衣メイカ（Live ver.）",,,,,,
JsP_zSQnlfQ,699,祠を壊してしまった時の対処法,"天開司, 歌衣メイカ, 佐藤ホームズ",,,,,
eQ9R1ATS1rI,698,なんか移動するやつ,"竹谷竿丈, アイオーン・ヴェルナ, esora uma, YACA IN DA HOUSE, Ci, NICO",,,,,
zY9YEqjiimA,697,非リアル鬼ごっこ,"竹谷竿丈, アイオーン・ヴェルナ, esora uma, YACA IN DA HOUSE, Ci, NICO",,,,,
aUlUGq1dP3Y,696,野外ライブの視察じゃぁ！,"天開司, 歌衣メイカ, 佐藤ホームズ",,,,,
4D8caMOgbc8,695,Wikipedia師たち,"天開司, 歌衣メイカ, 佐藤ホームズ",,,,,
0e07jJAl6Rk,694,名ゼリフ、受け身の法則,"天開司, 歌衣メイカ, 佐藤ホームズ",,,,,
voMvZ6TvHqg,693,好きな人にMD作った事ある人用,"天開司, 歌衣メイカ, 佐藤ホームズ",,,,,
l051OS2Qcdg,692,1ばんふくらむ!!,"天開司, 歌衣メイカ, 佐藤ホームズ",,,,,
XnqM9USHd6M,691,なぜなら雨が降るかもだから,"天開司, 歌衣メイカ, 佐藤ホームズ",,,,,
y2EaT1ifNRE,690,いいかい学生さん、鰻をな、鰻をいつでも食えるくらいになりなよ,"ベルモンド・バンデラス, 佐藤ホームズ, 竹谷竿丈, アイオーン・ヴェルナ, esora uma",,,,,
aWxenVAFlTg,689,オホ声コンサル,"ベルモンド・バンデラス, 佐藤ホームズ, 竹谷竿丈, アイオーン・ヴェルナ, esora uma",,,,,
1aii_j8GOxQ,,MonsterZ MATE「天才モンスターズの元気が出るルーレット」Music Video,,,,,,
leBP75jP9AU,688,朝はパン屋に行け,"ベルモンド・バンデラス, 佐藤ホームズ, 竹谷竿丈, アイオーン・ヴェルナ, esora uma",,,,,
GjPqIPZB88I,687,空飛びたいね〜,"ベルモンド・バンデラス, 佐藤ホームズ, 竹谷竿丈, アイオーン・ヴェルナ, esora uma",,,,,
rSZO3-sAWpM,686,ファンに直で欲しいグッズ聞いたパターン,"えのぐ（日向奈央）, Marpril（立花 鈴, 谷田 透佳）",,,,,
pGda0zNMWtU,685,推し活対象の性質による行動変異論,"えのぐ（日向奈央）, Marpril（立花 鈴, 谷田 透佳）",,,,,
R58MYWgqnKI,684,ひなおの（コーサカの）好きなモノ,"えのぐ（日向奈央）, Marpril（立花 鈴, 谷田 透佳）",,,,,
NequsvGXUWc,683,第50回誰が持ってるか王 選手権!! 【#プチロルズフェス】,"YACA IN DA HOUSE, esora uma, Ci, NICO",,,,,
sWzAyLPYHOA,682,クリムゾン通ってない奴いる？ いねえよなぁ！！？,"YACA IN DA HOUSE, 竹谷竿丈, アイオーン・ヴェルナ",,,,,
EhzKbMpSNEg,681,片思いハート！ルダハート！トゥンカロン！！！,"えのぐ（日向奈央）, Marpril（立花 鈴, 谷田 透佳）",,,,,
VH67oWHh4og,680,アップデートと声高に叫ばれる今だからこそ,"えのぐ（日向奈央）, Marpril（立花 鈴, 谷田 透佳）",,,,,
sKwBGqczThg,679,立花の友達の貴重な〇〇シーン,"えのぐ（日向奈央）, Marpril（立花 鈴, 谷田 透佳）",,,,,
JLJ1K_qCdsg,678,ワンピースをこれから読めるという幸福,"周央サンゴ, 健屋花那, 天開司, 佐藤ホームズ",,,,,
W0Ozr7nVLcM,677,シン・朝ノ姉妹生誕動画,"ベルモンド・バンデラス, 佐藤ホームズ, 竹谷竿丈, アイオーン・ヴェルナ, esora uma",,,,,
6Obz4kvV5DU,676,霧にむせぶ昼,"天開司, 佐藤ホームズ, まだら牛",,,,,
EUl_T8OV3_o,675,【決勝戦】コーサカVS天開司【OVERЯOID】,"天開司, 佐藤ホームズ, まだら牛",,,,,
RABAjPf4Gko,674,天開司VS佐藤ホームズ【OVERЯOID】,"天開司, 佐藤ホームズ, まだら牛",,,,,
dAWaHusSz3Y,673,コーサカVSアンジョー【OVERЯOID】,"天開司, 佐藤ホームズ, まだら牛",,,,,
Mjy7qY5nHTo,672,ンゴゴーゴ・ゴーゴゴ,"周央サンゴ, 健屋花那, 天開司, 佐藤ホームズ",,,,,
kH_WVsFiy9I,,コーサカ「口先エウレーカ」Music Video,,,,,,
KDyMuzNXx_M,671,だだだとｿとﾕｷﾑﾗﾁｬﾝ！ の貴重な〇〇シーン,"YACA IN DA HOUSE, somunia, ﾕｷﾑﾗﾁｬﾝ！, 藍月なくる, NICO, 駄ゞ田メダ",,,,,
WkeddDGfJXw,669,周央サンゴ（みらいのすがた）,"周央サンゴ, 健屋花那, 天開司, 佐藤ホームズ",,,,,
YP7vLr7nhcY,668,TRPGかるたをつくろう！ 【PL編】,"周央サンゴ, 健屋花那, 天開司, 佐藤ホームズ",,,,,
E38NV7oNzgw,,フラスコ・オーディション,,,,,,
fHwTDmJKu6s,667,【ヒロアカ】俺の個性王 選手権!!,"ドーラ, 健屋花那, 天開司, 歌衣メイカ, 佐藤ホームズ",,,,,
42CVTRdc93c,666,みなさま〜(激辛悶絶)の貴重な〇〇シーン,"周央サンゴ, 健屋花那, 天開司, 佐藤ホームズ",,,,,
WNASK8EmqcY,,コーサカ「ストロボカノン」Music Video,,,,,,
qBK--teTI5M,665,ベテラン刑事「吐くなよ？」,"天開司, 佐藤ホームズ, 天城てん",,,,,
OgpcZngZkDQ,664,アンジョーにアレが届く！,"天開司, 歌衣メイカ, 佐藤ホームズ, あとり依和（浮遊信号）",,,,,
mdT_MMJ3k2Y,663,天城を超えろ！,"天開司, 佐藤ホームズ, 天城てん",,,,,
S4mvdoXH6PI,662,鳴かぬなら俺が鳴くよ！！！！,"天開司, 佐藤ホームズ, 天城てん",,,,,
jymuOPB74LQ,661,2024/07/13現在一番真面目な動画,"天開司, 歌衣メイカ, 佐藤ホームズ, あとり依和（浮遊信号）",,,,,
f6gyjAtm6ws,660,【戦国妖狐】教えて！コーサカ先生【五時間目】,"天開司, 佐藤ホームズ, 天城てん",,,,,
-aNqE1zu5Kk,659,兎鞠まり「あるよー！」,"天開司, 歌衣メイカ, 佐藤ホームズ, あとり依和（浮遊信号）",,,,,
y2VRcUQnNeY,658,おわり人間ゴン,"天開司, 佐藤ホームズ, 天城てん",,,,,
2GhgWfYpU9Y,657,事実は小説より奇なりナリ〜 part2,"天開司, 歌衣メイカ, 佐藤ホームズ, あとり依和（浮遊信号）",,,,,
ouA1H08tQ68,656,佐藤ホームズは出会いたい,"天開司, 歌衣メイカ, 佐藤ホームズ, あとり依和（浮遊信号）",,,,,
HAmMGKrV4t8,655,2.7,"天開司, 歌衣メイカ, 佐藤ホームズ, 浮遊信号",,,,,
iyGSed6ZZto,654,消灯直前の貴重な〇〇シーン,"天開司, 歌衣メイカ, 佐藤ホームズ, 浮遊信号（あとり依和, esora uma）",,,,,
wX1WELgmS9M,653,この世には二種類の人間が居る。ジョジョ4部を読んでいる人間と読んでいない人間だ,天開司,,,,,
V7JD6yw_r8Y,652,【緊急】【至急】【早急】【火急】,天開司,,,,,
LPKgn8quDmA,651,エフェクト使えないおじさん,天開司,,,,,
4xxAbr_djkw,650,朝ノさんのSRとか出ないかな〜（ﾊﾅﾎｼﾞｰ）,天開司,,,,,
OhAJ5xWAqZ4,649,アンジョー→コーサカ→天開→メイカ←イマココ,"天開司, 歌衣メイカ, 佐藤ホームズ",,,,,
8oNKwRavpVw,648,『ドラえもん』という教養,"天開司, 歌衣メイカ, 佐藤ホームズ",,,,,
ACyMXXl5NMw,647,縦も横も斜めも糸糸糸！！！糸！！！！！,"天開司, 歌衣メイカ, 佐藤ホームズ",,,,,
0tRTDiZ3WRI,646,What’s 掛川,"天開司, 歌衣メイカ, 佐藤ホームズ",,,,,
1dxWyruQpak,645,バイトエピソード　ブラック・ホワイト,"天開司, 歌衣メイカ, 佐藤ホームズ",,,,,
-zqY4kxdg2w,644,サクハコアフター,"天開司, 歌衣メイカ, 佐藤ホームズ",,,,,
CW3LrLmx2eo,643,ボストン生まれ,,,,,,
ub3tGxSlwxw,642,毎日素振り。話はそれからだ。,,,,,,
PdTgqK8n0hc,641,第1回 時間使ったなゲームランキング!!,"如月れん, 歌衣メイカ, 天城てん, 龍ヶ崎リン",,,,,
vQicTJ8KzTc,640,ぶいすぽっ！まとも枠の貴重な〇〇シーン,"如月れん, 歌衣メイカ, 天城てん, 龍ヶ崎リン",,,,,
lvCyzXB9JFA,639,ホテルニューア〜ワ〜ジ〜♪,"如月れん, 歌衣メイカ, 天城てん, 龍ヶ崎リン",,,,,
hBlJJIhqPmo,638,炸裂ダイス プレシーズン,"天開司, 歌衣メイカ, 佐藤ホームズ, 浮遊信号（esora uma）, 天城てん",,,,,
hDd7kHYxIBw,637,はじめてのライブ,,,,,,
MwPyAEuZ0xI,636,マス対コア（教室）,,,,,,
oxEmF6lRVHQ,635,二人回,,,,,,
NMFMW3O6N7k,,Live your life!!（Live ver.）,,,,,,
kr6tmTh-1xw,634,右中指が腱鞘炎になった男の選択,"音御光歌, esora uma（浮遊信号）, Ci",,,,,
DSltWmHzGic,,新作ADV『桜が好きを運んだら』発売決定！,,,,,,
IJew8WjF6HU,633,機材沼リターンズ,"音御光歌, esora uma（浮遊信号）, Ci",,,,,
jBuqw784Wv8,632,カラオケで恋に落ちる瞬間,"音御光歌, esora uma（浮遊信号）, Ci",,,,,
vEqS560r4EQ,631,アンジョー「くっ、肋骨が1本持ってかれたか……」,"音御光歌, esora uma（浮遊信号）, Ci",,,,,
m85CZwHWJc4,630,世界に知られたいVTuberの貴重な〇〇シーン,"音御光歌, esora uma（浮遊信号）, Ci",,,,,
gJqaEHEu40o,,炸裂ダイス（Live ver.）,,,,,,
gWIVMONTUu4,628,令和焼肉合戦,"富士 葵（富士 葵, キクノジョー）, さえきやひろ, 夜乃ネオン",,,,,
-hJ7JfzPLqI,627,イマジナリー兄弟,"富士 葵（富士 葵, キクノジョー）, さえきやひろ, 夜乃ネオン",,,,,
4gFvXiVzDBo,626,お出かけが楽しくなる魔法,"富士 葵（富士 葵, キクノジョー）, さえきやひろ, 夜乃ネオン",,,,,
c7SonxllcaM,625,侵略魔界人の貴重な〇〇シーン,"富士 葵（富士 葵, キクノジョー）, 夜乃ネオン",,,,,
-sGdixpFFHA,,StarZ（LIVE from MonsterZ MATE 5th Anniversary LIVE”大騒動”）,,,,,,
RfBG9Aj7bOA,624,Plan！Do！Check！Action！！,"天開司, 竹谷竿丈, バーチャルゴリラ, アイオーン・ヴェルナ",,,,,
r8Nt8FBoE0I,,【ダイジェスト映像】#アンジョーREDD アーカイブ発売中！,,,,,,
cNcy7tTXf9k,623,気が付いたら同じ面ばかりプレイ,"天開司, 竹谷竿丈, バーチャルゴリラ, アイオーン・ヴェルナ",,,,,
p2_XhM0QHx4,622,天開司、ドッキリを仕掛ける（サプライズプレゼントはエゴpart3）,"天開司, 歌衣メイカ, 佐藤ホームズ, 浮遊信号（esora uma）, 天城てん",,,,,
n0VaBjMh6H0,,#アンジョーREDD ティザー映像,,,,,,
lP_UPWgZN20,621,アンジョー、再び絵を描きだす,"天開司, 竹谷竿丈, バーチャルゴリラ, アイオーン・ヴェルナ",,,,,
xGVN-PtAioM,,#アンジョーREDD 2月10日（土）開催!!,,,,,,
5pvAijIcKeE,620,演劇部ですわ！,"YACA IN DA HOUSE, esora uma（浮遊信号）, Ci, NICO",,,,,
OI5u1VNQc7M,619,ワビゼンラ,"天開司, 竹谷竿丈, バーチャルゴリラ, アイオーン・ヴェルナ",,,,,
lj42omv8y5Y,618,リア友の貴重な〇〇シーン,"天開司, 竹谷竿丈, バーチャルゴリラ, アイオーン・ヴェルナ",,,,,
eTzs3VrxuVg,617,お菓子討論2024,"YACA IN DA HOUSE, esora uma（浮遊信号）, Ci, NICO",,,,,
ewo0rVJCCLQ,616,TIGER&BUNNY&最終兵器彼女,"YACA IN DA HOUSE, esora uma（浮遊信号）, Ci, NICO",,,,,
2c90lcn0pYY,615,ロッパクナノカ,"天開司, 歌衣メイカ, 佐藤ホームズ, 浮遊信号（あとり依和, esora uma）",,,,,
i32qDYPqE8E,614,メイカの理由,"天開司, 歌衣メイカ, 佐藤ホームズ, 浮遊信号（あとり依和, esora uma）",,,,,
Tg7fQXYD_Ws,613,初夢2024,,,,,,
CUi7_I1tlnY,612,FANZA同人さんで抱き枕カバー作ったよ♡エ六法全書,"天開司, 竹谷竿丈, バーチャルゴリラ, アイオーン・ヴェルナ",,,,,
6L5JW3a7QM4,611,年末カウントダウンの貴重な〇〇シーン【MZM五番勝負 その5】,"天開司, 歌衣メイカ, 佐藤ホームズ",,,,,
v8k2EPzNNi4,610,立ち幅跳び【MZM五番勝負 その4】,"天開司, 歌衣メイカ, 佐藤ホームズ",,,,,
284yllY53i8,609,どうぶつタワーバトル【MZM五番勝負 その3】,"天開司, 歌衣メイカ, 佐藤ホームズ",,,,,
YOI3kuuBFoI,608,AIM力対決【MZM五番勝負 その2】,"天開司, 歌衣メイカ, 佐藤ホームズ",,,,,
NhIEGgKnHco,607,慰安旅行の予算が足りませんでした……【MZM五番勝負】,"天開司, 歌衣メイカ, 佐藤ホームズ",,,,,
IUpQ1hXOOOM,605,あの件につきまして、真相をお話しします。,"YACA IN DA HOUSE, esora uma（浮遊信号）, Ci, NICO",,,,,
LnQ_bHiOo88,604,ダメ。佐藤ホームズの乱用,"天開司, 歌衣メイカ, 佐藤ホームズ",,,,,
1zu3XyNsttI,603,伏線回収 〜汚部屋のモチベ〜,"ドーラ, 健屋花那, 天開司, 歌衣メイカ, 佐藤ホームズ",,,,,
BaVyZKntlLo,602,炎のティムタムゲーム　〜佐藤ホームズの挑戦編〜,"天開司, 歌衣メイカ, 佐藤ホームズ",,,,,
XQeaL6tdX4g,601,なんかおじさんで転売してるやつ,"ドーラ, 健屋花那, 天開司, 歌衣メイカ, 佐藤ホームズ",,,,,
VyuItjNZ7bU,600,歌衣メイカ、対談に挑まんとす,"ドーラ, 健屋花那, 天開司, 歌衣メイカ, 佐藤ホームズ",,,,,
NQBwTGm7IUs,599,コラボラベルのお酒を試飲しよう!!,"天開司, 歌衣メイカ, 佐藤ホームズ",,,,,
RzeApNLi9DU,598,引継ぎムズスギ,"ドーラ, 健屋花那, 天開司, 歌衣メイカ, 佐藤ホームズ",,,,,
hNt1ZspV-Z4,597,妖怪ウォッチにゴス髪単眼巨乳がいるという事実,"さえきやひろ, 夜乃ネオン",,,,,
7jxUqRQhqlo,596,女の子大作戦,"さえきやひろ, 夜乃ネオン",,,,,
jXyvwfTmaFA,595,挨拶に困っているそこの君！！！,"さえきやひろ, 夜乃ネオン",,,,,
BHX0q0W_ZW0,594,お〜い、みんなー！このアニメ、何年前のだと思う？リターンズ,"さえきやひろ, 夜乃ネオン",,,,,
q5PIb4wjO24,593,ファンタスティック・ビーストの真実に気づいてしまった男,"富士 葵, ドーラ, 天開司, 佐藤ホームズ, 天城てん",,,,,
0rvW3p4uRxE,592,【ネタバレ注意】ハリー・ポッターと死の秘宝 PART1&2を見た男が展開を予想,"富士 葵, ドーラ, 天開司, 佐藤ホームズ, 天城てん",,,,,
u-g7XfQ2J7w,591,レインボーブリッジ封鎖出来ません！←出来る,"天開司, 歌衣メイカ, 佐藤ホームズ",,,,,
gGDU9RROa4c,590,三振かホームラン,"竹谷竿丈, 天開司, 佐藤ホームズ",,,,,
C4Z--qVBQew,589,雑談002,"竹谷竿丈, 天開司, 佐藤ホームズ",,,,,
gfeNeXoLhSI,588,雑談001,"竹谷竿丈, 天開司, 佐藤ホームズ",,,,,
WMFkE-sKTkI,587,こんなすごいトークイベント、いつの間に開催したんだ？またやってね♡,"竹谷竿丈, 天開司, 佐藤ホームズ",,,,,
io_hAnV9YG0,586,ありがとう、リバースブルー×リバースエンド,"竹谷竿丈, 天開司, 佐藤ホームズ",,,,,
6x_B8bEmczU,585,褒め上手の貴重な〇〇シーン,"竹谷竿丈, 天開司, 佐藤ホームズ",,,,,
ACDDmHLphDE,584,【ネタバレ注意】ハリー・ポッターと謎のプリンスを見た男が展開を予想,"富士 葵, ドーラ, 天開司, 佐藤ホームズ, 天城てん",,,,,
BjOwohiVM94,583,パソコンは今買え!!,"おめがシスターズ（おめがレイ, おめがリオ）",,,,,
lYy-fNxh3p8,582,空飛ぶチャリ,"おめがシスターズ（おめがレイ, おめがリオ）",,,,,
aFnCK71p4G8,581,8月にiPhoneを買う勇気,"おめがシスターズ（おめがレイ, おめがリオ）",,,,,
AqtgfEMiF5E,580,尻見酒,"KMNZ LIZ, MaiR, YACA IN DA HOUSE, NICO",,,,,
Xb0Sikf1Rio,579,素面のよろめき,"KMNZ LIZ, MaiR, YACA IN DA HOUSE, NICO",,,,,
K9NxyFGzIQ0,578,0.1畳の畳,"KMNZ LIZ, MaiR, YACA IN DA HOUSE, NICO",,,,,
yZJO6LyCqRk,577,弄られない、という恐怖,"KMNZ LIZ, MaiR, YACA IN DA HOUSE, NICO, 龍ヶ崎リン",,,,,
8sQ6sdjUF_A,,8月20日（日）#コーサカ生誕ライブ2023 開催！,,,,,,
rCGT4rmb8bg,576,【ネタバレ注意】ハリー・ポッターと不死鳥の騎士団を見た男が展開を予想,"富士 葵, ドーラ, 天開司, 佐藤ホームズ, 天城てん",,,,,
rDnMPGTnW1Y,575,カートに入れた商品、戻せる？,"KMNZ LIZ, MaiR, YACA IN DA HOUSE, NICO",,,,,
YAcp33QcA5w,573,この為にＶになった男の貴重な〇〇シーン,"KMNZ LIZ, MaiR, YACA IN DA HOUSE, NICO",,,,,
aIL1dv9n7oY,573,「キングとロマーリオ」の原稿、見つかる。,"天開司, 歌衣メイカ, あっくん大魔王, 佐藤ホームズ",,,,,
9w-AooVp1ls,570,オタクに優しいギャルの存在論的解釈についての対話,"天開司, 歌衣メイカ, あっくん大魔王, 佐藤ホームズ",,,,,
jYAzIqTMjy8,569,ヒロアカ：ライジング,"天開司, ドーラ, 歌衣メイカ, あっくん大魔王, 佐藤ホームズ",,,,,
-7Uq_cL_Ebc,568,「変な事聞いていい？」←変じゃない,"天開司, ドーラ, 歌衣メイカ, あっくん大魔王, 佐藤ホームズ",,,,,
HCQamspn-iE,567,憧れと冷静の間,"天開司, ドーラ, 歌衣メイカ, あっくん大魔王, 佐藤ホームズ",,,,,
hPgpQbY_a0Q,566,押切蓮介先生に生誕イラストを描いてもらっていたとしたら……？,"押切蓮介先生, 天開司, 歌衣メイカ, あっくん大魔王, 佐藤ホームズ",,,,,
taLQWkR6DOk,565,DMMブックスの罠,"天開司, ドーラ, 歌衣メイカ, あっくん大魔王, 佐藤ホームズ",,,,,
Umbpti5jhMc,564,【2023年上半期】買ってよかったものTOP3!!,"天開司, 歌衣メイカ, あっくん大魔王, 佐藤ホームズ",,,,,
gzFqoZ7JZt4,563,コーサカはどのHO選ぶの!? 王選手権!! Part2,"アキエ(猫ずし卓), あおさん, 竜原, 矢野俊策, 七篠K, ごくつぶし, 宴規, しまどりる, ジャック, むつー, 藍月なくる, 健屋花那, 天開司, 佐藤ホームズ, あっくん大魔王",,,,,
qGV3acP6FYE,562,どれがコーサカのシナリオ!? 王選手権 Part2,"アキエ(猫ずし卓), あおさん, 竜原, 矢野俊策, 七篠K, ごくつぶし, 宴規, しまどりる, ジャック, むつー, 藍月なくる, 健屋花那, 天開司, 佐藤ホームズ, あっくん大魔王",,,,,
BOfMdBgzuE4,,#コーサカ生誕ライブ2023 開催決定!!,,,,,,
BN9816lDzfc,560,これ ディズムか!? ドウゴさんか!? 王選手権,"藍月なくる, 健屋花那, 天開司, 佐藤ホームズ, あっくん大魔王",,,,,
6IbHvKayx5I,559,なくちゃの貴重な〇〇シーン,"藍月なくる, 健屋花那, 天開司, 佐藤ホームズ, あっくん大魔王",,,,,
zD7KF8Lqaas,558,絵描き：オリジン,"夜十神封魔, 羽継烏有, 緋崎ガンマ, 水無世燐央",,,,,
Ky-y4XUHdQ4,557,【ネタバレ注意】ハリー・ポッターと炎のゴブレットを見た男が展開を予想,"富士 葵, 影山シエン, ベルモンド・バンデラス, 佐藤ホームズ",,,,,
EeOTYmzhmJ0,556,卵300円という事実,"夜十神封魔, 羽継烏有, 緋崎ガンマ, 水無世燐央",,,,,
zgk9yr2okFM,555,絵描きVS画伯,"夜十神封魔, 羽継烏有, 緋崎ガンマ, 水無世燐央",,,,,
m2KDf01pJRY,554,UPROAR!!の貴重な〇〇シーン,"夜十神封魔, 羽継烏有, 緋崎ガンマ, 水無世燐央",,,,,
PHDLzP7btCE,,"MonsterZ MATE「メイトなやつら (feat. 天開司, 佐藤ホームズ, あっくん大魔王 & 歌衣メイカ)」Music Video",,,,,,
5KvZ7hlIpN4,553,【ネタバレ注意】ハリー・ポッターとアズカバンの囚人を見た男が展開を予想,"富士 葵, 影山シエン, ベルモンド・バンデラス, 佐藤ホームズ",,,,,
jAoGVBewCTA,553,【総集編】アンジョーの勝率,,,,,,
Qx8gl3wNlHo,552,【第20回出来らぁっ!!】ポケモン図鑑の説明だけでポケモンの絵を描けるっていったんだよ!!,"天開司, ドーラ, 歌衣メイカ, あっくん大魔王, 佐藤ホームズ",,,,,
gqe34bQj5u8,551,【5年目】新しい自己紹介動画を撮ろう!!,"天開司, ドーラ, 歌衣メイカ, あっくん大魔王, 佐藤ホームズ",,,,,
7TaDUkkMRf4,550,【自己紹介】MonsterZ MATEの基本情報【やってみた】,,,,,,
ODyuzzPCFIM,549,【第19回出来らぁっ!!】ポケモン図鑑の説明だけでポケモンの絵を描けるっていったんだよ!!,"天開司, ドーラ, 歌衣メイカ, あっくん大魔王, 佐藤ホームズ",,,,,
Ch6Ck9hBV70,,"MZMワンマン""大騒動""まであと4日 #shorts",,,,,,
hMEAQWqo4bE,,"MZMワンマン""大騒動""まであと5日 #shorts",,,,,,
yyeddlHzFHQ,548,【ドッキリ】人生を救ってくれた作家さんのイラスト色紙が急に目の前に現れたら,"天開司, ドーラ, 歌衣メイカ, あっくん大魔王, 佐藤ホームズ",,,,,
gkR5-H7K6iM,547,Beep☆CARAMELの振付を覚えよう！,,,,,,
fE4bGw12xEQ,546,WBC後の様子,"天開司, ドーラ, 歌衣メイカ, あっくん大魔王, 佐藤ホームズ",,,,,
Wb0bVIp68dg,545,【ネタバレ注意】ハリー・ポッターと秘密の部屋を見た男が展開を予想,"富士 葵, 影山シエン, ベルモンド・バンデラス, 佐藤ホームズ",,,,,
NWwypt_WTVk,544,【BLEACH】俺の斬魄刀王 選手権!!,"富士 葵, 影山シエン, ベルモンド・バンデラス, 佐藤ホームズ",,,,,
PbUfdYkOG2k,543,コンビVの不満,"おめがシスターズ（おめがレイ, おめがリオ）, ぽんぽこ, ピーナッツくん",,,,,
IDa7YB78cvo,542,見てるYouTube（ガチ）,"おめがシスターズ（おめがレイ, おめがリオ）, ぽんぽこ, ピーナッツくん",,,,,
6iojZ1cVdp8,541,双子の貴重な〇〇シーン,"おめがシスターズ（おめがレイ, おめがリオ）, ぽんぽこ, ピーナッツくん",,,,,
8gMUaMapkRU,540,【ハンター×ハンター】俺の念能力王 選手権!!,"天開司, 佐藤ホームズ, 天城てん（星天ちゃんねる）",,,,,
44msxW9EDoc,539,ワンマンライブの準備,,,,,,
4qOnkJibTHE,538,【ネタバレ注意】ハリー・ポッターと賢者の石を見た男が展開を予想,"天開司, 佐藤ホームズ, 天城てん",,,,,
fB44lddNtNs,537,言霊:気流を振動させる音波による願望の具現化実証,"天開司, 佐藤ホームズ, 天城てん（星天ちゃんねる）",,,,,
lb3oihaGn98,536,新モデル公開！！！！！！ Part4,,,,,,
H9WcHPDfUJQ,535,【超絶ネタバレ解禁】好きな漫画のシーンTOP3王 選手権!! 後編,"ドーラ, 歌衣メイカ, esora uma（浮遊信号）, 天城てん（星天ちゃんねる）",,,,,
9l9gF7urKa0,534,【超絶ネタバレ解禁】好きな漫画のシーンTOP3王 選手権!! 中編,"ドーラ, 歌衣メイカ, esora uma（浮遊信号）, 天城てん（星天ちゃんねる）",,,,,
-H6k3QUkG8E,533,【超絶ネタバレ解禁】好きな漫画のシーンTOP3王 選手権!! 前編,"ドーラ, 歌衣メイカ, esora uma（浮遊信号）, 天城てん",,,,,
4LI5mEbWw1k,532,ノンフィクションなデスゲーム,"天開司, 佐藤ホームズ, 天城てん",,,,,
khoo-EBY89Q,531,佐野玲於の肉体,"天開司, 佐藤ホームズ, 天城てん",,,,,
6u6ZwgkVQQw,530,隙間風を埋めた,"esora uma（浮遊信号）, 天城てん",,,,,
u11FW79mz_Q,529,情報求ム,"天開司, 佐藤ホームズ, 天城てん",,,,,
HOS0I7nxmaQ,528,人間賛歌,"esora uma（浮遊信号）, 天城てん",,,,,
UiIJ--1YoMU,527,日本の電気代が高すぎる！,"天開司, 佐藤ホームズ, 天城てん",,,,,
dW1FTmfbwiU,526,アンジョー式スランプの脱却術,"天開司, ドーラ, 歌衣メイカ, あっくん大魔王, 佐藤ホームズ",,,,,
nuf-JdOaguY,525,【2023リアクション編】正解が一年後にわかるやつ,"天開司, ドーラ, 歌衣メイカ, あっくん大魔王, 佐藤ホームズ",,,,,
V2k-DGjf9AE,524,【2022出題編】正解が一年後にわかるやつ,"天開司, ドーラ, あっくん大魔王, 佐藤ホームズ",,,,,
uMYv5CWZ8qM,523,【急募】風呂上がりに指先を切った時の対処法,"esora uma（浮遊信号）, 天城てん",,,,,
Q3wkrt_RMus,522,風属性VS地属性,"esora uma（浮遊信号）, 天城てん",,,,,
rCvtx7UJ1PM,522,福袋で出てきたのは誰… 俺!俺!俺!俺!Ole!Ole!,"esora uma（浮遊信号）, 天城てん",,,,,
R_Ub0jJ9JpQ,521,上毛新聞にコーサカが載りました!!,"天城てん, esora uma（浮遊信号）",,,,,
Qr0dl8nEgFo,520,MZMリーグ！ アニメ・漫画のキャラベストナイン王 選手権!!,"天開司, 歌衣メイカ, あっくん大魔王, 佐藤ホームズ",,,,,
OSHwOR9PfSc,519,好きなイントロ王TOP3,"天開司, 歌衣メイカ, あっくん大魔王, 佐藤ホームズ",,,,,
KAU4QrZgMcM,518,世界樹の迷宮の新作が欲しい男たち（2人）,"天開司, ドーラ, 歌衣メイカ, あっくん大魔王, 佐藤ホームズ",,,,,
pGegAlLD5ik,517,コーサカの絵を当ててほしい王選手権!!,"天開司, あっくん大魔王, 佐藤ホームズ",,,,,
B064m_oDsXQ,,GASSAI REMIX covered MZM,,,,,,
1sCl7a7iC5Y,516,お笑いクイズ王選手権!!,"富士 葵, 緑仙, Marpril（立花 鈴, 谷田 透佳）, 天開司",,,,,
qaQfFbq5-oE,514,生きる（ガチ）,"天開司, 歌衣メイカ, あっくん大魔王, 佐藤ホームズ",,,,,
EO4M8XJTHUs,513,初夢2023,,,,,,
XjUIcvLN8gE,512,フランス料理を食べに行こう,"富士 葵, 緑仙, Marpril（立花 鈴, 谷田 透佳）, 天開司",,,,,
KOeNDRFNkVw,511,お笑いファン達の懺悔,"富士 葵, 緑仙, Marpril（立花 鈴, 谷田 透佳）, 天開司",,,,,
4t5kuuPFdNE,,【予告編】#MZMカウントダウン2022 煩悩【SPOT】,,,,,,
Qaa20najnQA,510,応援団長の貴重な〇〇シーン,"富士 葵, 緑仙, Marpril（立花 鈴, 谷田 透佳）, 天開司",,,,,
6ELWY-ynmf4,509,PKを外すことができるのは、PKを蹴る勇気を持った者だけだ,"天開司, 歌衣メイカ, あっくん大魔王, 佐藤ホームズ",,,,,
ZRzIruaoHnM,508,ローランドにハマった,,,,,,
pTuJ4i0JoBo,,【まとめ】アンジョー生誕ライブ2022告知動画,,,,,,
2CdZiM3rAnI,507,ムキムキバキバキ,,,,,,
x_ljv343J9Q,506,タイトーさんとの対等な勝負,,,,,,
w3_QE5mLdwA,505,マイク買いすぎて破産,,,,,,
APYZ2Nre9c8,504,多忙ーサカ,,,,,,
CzBO22cfk3U,503,やりたいこといっぱいな #アンジョー生誕ライブ2022 をやります,,,,,,
UbEIAHcbws0,502,藍月なくるはなんの漢字を読んでいる!? 王選手権!!,"KMNZ LIZ, 龍ヶ崎リン（SugarLyric）, YACA IN DA HOUSE",,,,,
ISA8ZgTyGd8,501,誰よ！ その女!?,"天開司, 歌衣メイカ, あっくん大魔王, 佐藤ホームズ, 健屋花那",,,,,
9Y6o_nrVYYI,500,藍月なくるが言ってるのどこ!? 王選手権!!,"KMNZ LIZ, 龍ヶ崎リン（SugarLyric）, YACA IN DA HOUSE",,,,,
gxVr8eC--Y0,499,シンプル詐欺にあった話,"天開司, 歌衣メイカ, あっくん大魔王, 佐藤ホームズ",,,,,
PdV_hW0NxrU,498,ほのぼの煩悩ぼのぼの,"天開司, 歌衣メイカ, あっくん大魔王, 佐藤ホームズ",,,,,
VGdaMv4N7ow,497,年末イベントをしたい男たち,"天開司, 歌衣メイカ, あっくん大魔王, 佐藤ホームズ",,,,,
l1QH0X-_YX0,496,CM完コピするタイプのヲタク,"浮遊信号（あとり依和, esora uma）",,,,,
EXAfMA5x-Bw,,MonsterZ MATE「One Room Sky」Lyric Video【CHUNITHM】,,,,,,
93TKQ1gk0oI,495,検証！運動後のトークは弾むのか？,"天開司, 歌衣メイカ, あっくん大魔王, 佐藤ホームズ, 健屋花那",,,,,
5vQS0QvCvTU,494,【#テンパラ】クイズ！ 竹谷竿丈,"天開司, 歌衣メイカ, あっくん大魔王",,,,,
KakVFVGxH4E,494,体力測定おじさんwith笛係 後編,"天開司, 歌衣メイカ, あっくん大魔王, 佐藤ホームズ, 健屋花那, esora uma (シャトルラン音源制作)",,,,,
peMtTKMPDVs,493,クイーンズ・ギャンビットを薦めたいだけの男,"浮遊信号（あとり依和, esora uma）",,,,,
wPWiu1gPXJs,492,体力測定おじさんwith笛係,"天開司, 歌衣メイカ, あっくん大魔王, 佐藤ホームズ, 健屋花那",,,,,
Wpl1UIsxV4A,491,この履歴もいつか忘れる,"夕刻ロベル, アルランディス, 影山シエン, 荒咬オウガ",,,,,
y-Yn2pkGBpU,490,【第18回出来らぁっ!!】ポケモン図鑑の説明だけでポケモンの絵を描けるっていったんだよ!!,"天開司, あっくん大魔王, 佐藤ホームズ",,,,,
sfcN7NQHy68,489,猫と小悪魔とワニの貴重な〇〇シーン,"KMNZ LIZ, 龍ヶ崎リン（SugarLyric）, YACA IN DA HOUSE",,,,,
Mt0q3wK19xg,488,【第17回出来らぁっ!!】ポケモン図鑑の説明だけでポケモンの絵を描けるっていったんだよ!!,"天開司, あっくん大魔王, 佐藤ホームズ, ドーラ",,,,,
nxxMA8sDtRc,486,グリムジョー・ジャガージャック王選手権!!,"健屋花那, 緑仙, 佐藤ホームズ",,,,,
ZNT7lhkwyj0,485,デスゲームを主催する時に見る動画,"夕刻ロベル, アルランディス, 影山シエン, 荒咬オウガ",,,,,
ODOdVuuRgiU,484,ちいかわの話,"夕刻ロベル, アルランディス, 影山シエン, 荒咬オウガ",,,,,
HhgnP60Qx0w,483,え、いまち〇ち〇って言った？,"夕刻ロベル, アルランディス, 影山シエン, 荒咬オウガ",,,,,
_3to5MCQrfA,,夏の或る日,,,,,,
nh3mra26MbE,482,おむすびころりん（令和版）,"健屋花那, 緑仙, 佐藤ホームズ",,,,,
E7yBnmWHFNI,481,ホロスタたちの貴重な〇〇シーン,"夕刻ロベル, アルランディス, 影山シエン, 荒咬オウガ",,,,,
dXs5DOTPIS4,480,制作金銭！叱咤激励！感想！反応反射！音速高速！,"天開司, 歌衣メイカ, あっくん大魔王, 佐藤ホームズ",,,,,
NrMkXty-e3M,479,鬼滅の刃を読みたい人VS読ませたい人,"健屋花那, 緑仙, 佐藤ホームズ",,,,,
zLRkkM--rnw,478,鶏胸肉「SECOMしてますか？」,"KMNZ LIZ, 龍ヶ崎リン（SugarLyric）, YACA IN DA HOUSE",,,,,
d5StF-g4oZw,477,猫に小判、豚に真珠、歌衣メイカに高級ホテル,"天開司, 歌衣メイカ, あっくん大魔王, 佐藤ホームズ",,,,,
jXgMYcQBN9Q,,【コーサカ生誕ライブ】ウィルキンソン,,,,,,
sueth75tFvU,476,深夜のジム、何も起きない筈もなく,"天開司, 歌衣メイカ, あっくん大魔王, 佐藤ホームズ",,,,,
69DvSF31UN8,,【大好評】MZMサンリオコラボぬいぐるみ【もふもふ】 #shorts,,,,,,
OSDK1Skhw0c,475,自分達のMVを見る雰囲気,"浮遊信号（あとり依和, esora uma）",,,,,
GHJ7SGV9aDc,,MonsterZ MATE「StarZ」Music Video,,,,,,
cFbcfsHgCQw,474,嘔吐好きと緑の貴重な〇〇シーン,"健屋花那, 緑仙, 佐藤ホームズ",,,,,
j_3bmiIcKTM,,魔法カードが使えるクイズ #shorts,,,,,,
c_xRaRdrS7Q,472,クイズに魔法カードを入れてみたよ! 王選手権,"天開司, 歌衣メイカ, あっくん大魔王, 佐藤ホームズ",,,,,
HmlFMSXGew8,471,大腸カメラをした（写真無し）,"天開司, 歌衣メイカ, あっくん大魔王, 佐藤ホームズ",,,,,
UTQM6o9z7Vc,470,機材沼男は誰だ？,,,,,,
KLklm6sM3vE,,コーサカ生誕ライブやるよ #shorts,,,,,,
0NGaAkZZ18M,469,MZMのグッズの売り上げが……,,,,,,
VzxWIs3ACLU,,【コーサカ生誕ライブ】Anti Piracy Screen[POWER ON remix],,,,,,
Dv0MfOhLWGM,,水上先生が生誕イラスト描いてくれたってホンマ？ #shorts,,,,,,
wpFKBdBprNw,468,水上悟志先生に生誕イラストを描いてもらっていたとしたら……？,,,,,,
LOZmYIzOMOg,467,おてんばお嬢さまと準レギュの貴重な〇〇シーン,"天城てん, ドーラ, 歌衣メイカ, esora uma（浮遊信号）",,,,,
R7aKOSCdEmY,466,ゴリゴリの自炊人間がnosh食べてみた,,,,,,
3jqaiPY4AwI,465,仲良い奴らがガチ喧嘩になる様子,"ベルモンド・バンデラス, ドーラ, あっくん大魔王, 佐藤ホームズ",,,,,
eUNZmPt689w,463,第1回ドンチッチ王選手権!!,"ベルモンド・バンデラス, ドーラ, あっくん大魔王, 佐藤ホームズ",,,,,
IcAOLeWWQ6g,462,飯はなるべく一緒に食う,"ベルモンド・バンデラス, ドーラ, あっくん大魔王, 佐藤ホームズ",,,,,
L3RXw-TrxW0,,この世のすべてを手に入れた男 #Shorts,,,,,,
UrNyygGj2qI,461,金銭感覚のバグり,"歌衣メイカ, 天開司, あっくん大魔王, 佐藤ホームズ",,,,,
p7gK_yUjsg4,460,2個上の先輩という呪い,"ベルモンド・バンデラス, ドーラ, あっくん大魔王, 佐藤ホームズ",,,,,
i5KFlH5L1yM,459,胃カメラをした（写真無し）,"ベルモンド・バンデラス, ドーラ, あっくん大魔王, 佐藤ホームズ",,,,,
jpuf8XyUawU,,謎のダンス踊ってみた #shorts,,,,,,
0wrrwSbKOfs,,令和に戯言シリーズの殺し名呪い名思い出す奴 #Shorts,,,,,,
OZRO5ztxNck,458,風呂殴りバカ一代,"ベルモンド・バンデラス, ドーラ, あっくん大魔王, 佐藤ホームズ",,,,,
G1Vir5ud1E8,457,うろ覚え作品主要キャラ言えるか!? 王選手権!!,"歌衣メイカ, 天開司, あっくん大魔王, 佐藤ホームズ",,,,,
3FNTo0PNiws,456,司の寿司,"歌衣メイカ, 天開司, あっくん大魔王, 佐藤ホームズ",,,,,
X7ZcdTQdftg,455,バリウムを飲む貴方へ伝えたいたった1つの事,"歌衣メイカ, 天開司, あっくん大魔王, 佐藤ホームズ",,,,,
kOyttsXPbFM,454,120×0.8＝80,"歌衣メイカ, 天開司, あっくん大魔王, 佐藤ホームズ",,,,,
fcIwVBZFtFQ,453,クイズ！ あっくん大魔王 part2【#テンパラ】,"歌衣メイカ, 天開司, あっくん大魔王",,,,,
bX8OSabavUQ,452,【第16回出来らぁっ!!】ポケモン図鑑の説明だけでポケモンの絵を描けるっていったんだよ!!,"天開司, ドーラ, あっくん大魔王, 佐藤ホームズ",,,,,
lwTBaif6pLM,451,ボブ理論(マーフィーの法則),,,,,,
EZI8artJakM,450,あっくんのニッチな引き出し,"ベルモンド・バンデラス, 天開司, あっくん大魔王",,,,,
H7hQWEFr8Q8,449,※個人の感想です,"ベルモンド・バンデラス, 天開司, あっくん大魔王",,,,,
B3Q-xu5jebA,448,天開司、家電を買う,"ベルモンド・バンデラス, 天開司, あっくん大魔王",,,,,
401RVtEzIFQ,447,スマホのメモはダ・ヴィンチ・コード,,,,,,
8cDMe_xNjKs,446,取り留めのないアニメ、漫画の話する雰囲気,"ベルモンド・バンデラス, 天開司, あっくん大魔王",,,,,
_amFpWkWpoU,445,バーのマスターと準レギュの貴重な〇〇シーン,"ベルモンド・バンデラス, 天開司, あっくん大魔王",,,,,
UW06KKA1sIA,444,【報告】親知らずを抜きました,"BOOGEY VOXX（Ci, Fra）",,,,,
XFhXq9-boiM,443,【第15回出来らぁっ!!】ポケモン図鑑の説明だけでポケモンの絵を描けるっていったんだよ!!,"天開司, ドーラ, あっくん大魔王, 佐藤ホームズ",,,,,
D17KqmOkB7U,442,新モデル公開！！！！！！ Part3,,,,,,
f4kNaRCUcvs,441,人生が足らん,,,,,,
sAKTJqOZ8Rc,440,俺たちは見られている,,,,,,
qV6fKxfg15E,439,嘘の話,"BOOGEY VOXX（Ci, Fra）",,,,,
URKDBu7862k,,Stellar Stellar covered MZM,,,,,,
PCD0tWGPPjw,438,ほっちゃーん! ほ、ほーっ、ホアアーッ!! ホアーッ!!,"BOOGEY VOXX（Ci, Fra）",,,,,
Iy_IHicG93U,437,ドリンクバーで混ぜるもの2位はコーラとリアゴ！第1位は……！？,,,,,,
vauRgekpQjs,,今夜はブギー・バック [Boys&Girls remix]/コーサカ(MonsterZ MATE)、緑仙、Yaca、DJ WILDPARTY,,,,,,
YCLXyrACwtw,436,自分の「お酒の許容量」分かってます？,"BOOGEY VOXX（Ci, Fra）",,,,,
norPsvB0ius,435,ホットサンドメーカーの妖怪,"BOOGEY VOXX（Ci, Fra）",,,,,
riSsGA7VaSw,,MonsterZ MATE「Unison」Music Video,,,,,,
M1nYshkTpAw,434,【ネタバレ注意】惑星のさみだれ一巻を読んだ男たちが展開を予想,"天開司, あっくん大魔王, 佐藤ホームズ",,,,,
fqFdB-5K06Y,433,コーサカはどのHO選ぶの!? 王選手権!!,"天開司, ドーラ, あっくん大魔王, 佐藤ホームズ, まだら牛",,,,,
Td-Bumt3zDk,,MonsterZ MATE「-Hanakin-」Music Video,,,,,,
3Grht1v0QJo,432,mtg（笑）,"esora uma（浮遊信号）, 天開司",,,,,
I9HrB31SYsY,431,どれがコーサカのシナリオ!? 王選手権,"天開司, ドーラ, あっくん大魔王, 佐藤ホームズ, まだら牛",,,,,
v4D1eTWTpVk,430,ピコピコ少年〜キングとロマーリオ〜,,,,,,
PAs1VEL_fSM,429,iPad Proを買う為にする１つの事,,,,,,
ireZwfrFp5k,428,まるで浦安鉄筋家族〜ひぐらしのなく頃にのネタバレを含みます〜,"esora uma（浮遊信号）, 天開司",,,,,
nmwdnCOSzTk,427,3種の神器がそろうと〇〇〇よりも気持ちいいってほんま？,,,,,,
KVep7Iv5UAY,426,esora umaという男,"esora uma（浮遊信号）, 天開司",,,,,
7_tZu-HZShI,425,ぶらり途中下車しすぎ～ちなみに、いちご100%で誰が好き？～,"esora uma（浮遊信号）, 天開司",,,,,
ijn1wG9N4U0,424,今年買ってよかったもの第2位はスヌーピーのポシェット！ 第1位は...？,"BOOGEY VOXX（Ci, Fra）",,,,,
wPlvqXvqHus,423,怒涛のドトール,"BOOGEY VOXX（Ci, Fra）",,,,,
azYgBbGj1Vk,422,フランケンシュタインとキョンシーの貴重な〇〇シーン,"BOOGEY VOXX（Ci, Fra）",,,,,
usXjiXZzYis,421,父親という壁,天開司,,,,,
9km3V9FcP0Q,420,炎の殴られ転校生,,,,,,
ZvNGU9CdAd4,419,初夢2022,,,,,,
2xdc_7ERD9U,418,ストックから発掘された誰も経緯を覚えていない動画,,,,,,
s281VbXgGpU,417,これは一年前の動画です。今年は沢山グッズが出ました！,,,,,,
PeqQX7TZx9w,416,【ネタバレ注意】鬼滅の刃一巻を読んだ男が展開を予想,"佐藤ホームズ, 天開司, ドーラ, あっくん大魔王",,,,,
4yzVJ2qcotw,,サラダ混ぜASMR #Shorts,,,,,,
8IIttcHB-2M,415,探偵と準レギュの貴重な〇〇シーン,"佐藤ホームズ, 天開司, ドーラ, あっくん大魔王",,,,,
krUSl0i_4wI,414,第1回これ まだら牛か!? 神子田ミコトか!? 王選手権,"佐藤ホームズ, 天開司, ドーラ, あっくん大魔王, まだら牛, 神子田ミコト",,,,,
J8-pGZn4VPk,413,当選は発送をもって代えさせていただきます,"佐藤ホームズ, 天開司, ドーラ, あっくん大魔王",,,,,
RTzHzhWp7K4,,MonsterZ MATE「フロムアイム」Music Video,,,,,,
Fwca-kKVFKY,412,みんなでバリューセットを作ろう！〜県大会決勝〜,"佐藤ホームズ, 天開司, ドーラ, あっくん大魔王",,,,,
EQ-xZUIsMfA,,答えのないジェスチャーゲーム #Shorts,,,,,,
lr238dv2yf4,411,トム・ブレイディアンチの末路,,,,,,
gKyDt7TgH5s,410,【第14回出来らぁっ!!】ポケモン図鑑の説明だけでポケモンの絵を描けるっていったんだよ!!,"天開司, ドーラ, あっくん大魔王",,,,,
VZakFAcD9nU,409,ティムむティムればタムる時,"歌衣メイカ, バーチャルゴリラ",,,,,
BXleUVHNcug,408,しばらくおかずはもやしです,,,,,,
Atb2AXcxnwU,407,ゴリラと漢気の貴重な〇〇シーン,"歌衣メイカ, バーチャルゴリラ",,,,,
KRYR9-vnIq8,406,家電の話 feat.DJ WILDPARTY,"ぽんぽこ, ピーナッツくん",,,,,
mh_aXcqQJTY,405,たぬきとピーナッツの貴重な〇〇シーン,"ぽんぽこ, ピーナッツくん",,,,,
bKKfaEofkGg,404,ライアーゲーム〜コンビV同士の読み合い〜,"ぽんぽこ, ピーナッツくん",,,,,
1MEYRyuxQn0,,シンフォニア covered  MZM,,,,,,
kE_u1wEhGgM,403,【第13回出来らぁっ!!】ポケモン図鑑の説明だけでポケモンの絵を描けるっていったんだよ!!,"天開司, ドーラ, あっくん大魔王",,,,,
m_pfE-nqCJo,402,【僕らはいつも以心伝心】親友と思い出一致する王2,天開司,,,,,
5r4GBStNyWc,401,コーサカが大人になった日,"律可, 夕刻ロベル",,,,,
kxR5Prfo7Po,400,百聞は一見に如かず、と言うが本当かな？,"律可, 夕刻ロベル",,,,,
kvIKujMajIA,399,炒飯（チキンライス）,"律可, 夕刻ロベル",,,,,
8rO1-Tk_cFw,398,少年「え！？ スクウェアエニックスって昔別々の会社だったの！？」,"律可, 夕刻ロベル",,,,,
xpmB6yDPOTY,397,アンドロイドとバーテンダーの貴重な〇〇シーン,"律可, 夕刻ロベル",,,,,
FdWPrlI6MLA,396,【第12回出来らぁっ!!】ポケモン図鑑の説明だけでポケモンの絵を描けるっていったんだよ!!,"天開司, ドーラ, あっくん大魔王",,,,,
hHuNxxmhAoc,395,続・クイズ！ あっくん大魔王,"天開司, 舞元啓介, 環右金, あっくん大魔王",,,,,
SwWuzFOTX-s,394,クイズ! あっくん大魔王,"天開司, 舞元啓介, 環右金, あっくん大魔王",,,,,
deLu8fetTvw,393,ドラッグを憎めええええええええええええ！！！！,"天開司, あっくん大魔王, 環右金",,,,,
pUllJ0wKvMs,392,【以心伝心】お昼ごはんを食べよう王選手権!!,"天開司, ドーラ, あっくん大魔王",,,,,
Z8EZkdKK7po,391,見ろ,,,,,,
2xIVOHy0BlU,390,しこっひするば,,,,,,
qx8NKj-lUwc,389,友達に一番見られたくない瞬間ってな～んだ？,,,,,,
jlCaJwqCz9Y,388,養命酒だYO2だYO!,,,,,,
D7tPJyK-MPQ,387,人生はFF9…ってコト！？,,,,,,
z-Yrj123hYM,386,コミックボンボンには○○とガンダムしかない,"天開司, あっくん大魔王",,,,,
l7GkmmbOkZ4,385,養命酒だYO!,"天開司, あっくん大魔王",,,,,
lAFfcQ6OIWE,383,仲良しならマックで一品ずつ買ってきてもセット完成する説,"天開司, あっくん大魔王",,,,,
MVd7SchzhAE,382,【第11回出来らぁっ!!】ポケモン図鑑の説明だけでポケモンの絵を描けるっていったんだよ!!,"天開司, ドーラ, あっくん大魔王",,,,,
lbtRgUgN2eU,381,説教おじさん現る！,,,,,,
frfTtNmdF5s,,Anti Piracy Screen[POWER ON remix],,,,,,
ghb8zpomyVA,380,ファミリーブックが地元にしかないと知った時の蛙感,"天開司, あっくん大魔王",,,,,
h5ZtMiP1LRo,379,海の誘い文句選手権!!,"天開司, あっくん大魔王, 環右金",,,,,
A8MhschYbik,378,君はマジカパーティを知っているか!?,"天開司, あっくん大魔王, 環右金",,,,,
f2Zoz01WVq8,,緑仙先生の少林寺キック講座,"緑仙, ドーラ",,,,,
x0mhzfgpJTk,377,ドーラ・オブ・ザ・リング,"ドーラ, あっくん大魔王",,,,,
dsq7zVv9QuE,376,「がんばえぷいきゅあ～」がガチという事実,"ドーラ, あっくん大魔王",,,,,
2WooHan6qQs,375,タバコをかっこよく吸いたい王選手権!!,"天開司, あっくん大魔王, 環右金",,,,,
21QVzkuIhcE,374,【第10回出来らぁっ!!】ポケモン図鑑の説明だけでポケモンの絵を描けるっていったんだよ!!,"天開司, ドーラ, あっくん大魔王",,,,,
bXhFvP6pgEY,373,ドーナツ事変,"天開司, あっくん大魔王, 環右金",,,,,
re4-npFNyLY,372,パワー!!!!!!!,"ドーラ, あっくん大魔王",,,,,
YCgoWHOirzk,371,腰痛だYO2だYO!,"ドーラ, あっくん大魔王",,,,,
5rUa7LrU88k,370,俺が私が1番マトモ王選手権!!,"ドーラ, あっくん大魔王",,,,,
zCvJJkFJ1RA,369,【第9回出来らぁっ!!】ポケモン図鑑の説明だけでポケモンの絵を描けるっていったんだよ!!,"天開司, ドーラ, あっくん大魔王",,,,,
2f-rm-8_h4g,368,クレカの明細見るまで請求額信じない派のみんな～,,,,,,
7w2r5WcSdcE,367,清涼飲料水のCMがやりたい王選手権!!,"ドーラ, あっくん大魔王",,,,,
85YEd9VEl_U,366,ネタバレ責任論（進撃の巨人編） 進撃の巨人のネタバレを受けましたが悪いのは僕です,"あっくん大魔王, 環右金",,,,,
6Dc2fvwmHgY,365,銀盾開封するところ見たない…？ 用意しといたで！！！！,,,,,,
AWSWrJ9m5zM,364,iPadを買おうか迷っている貴方！！俺もだよ！！！！！,,,,,,
trBekAp1vC4,363,昨日の晩ごはんを思い浮かべながら動画を開いてください,"天開司, ドーラ, あっくん大魔王",,,,,
yYOw6SnDgkg,,猫 covered 律可＆蒔田陽丸＆アンジョー,,,,,,
sgzLfg4Os1E,362,楽屋トークに自然に入りたい王選手権,"Marpril（立花 鈴, 谷田 透佳）, 天開司",,,,,
q_oefYX1zEw,361,蕎麦で首をくくる,,,,,,
PbtZack6bxE,360,販促ペダル,,,,,,
Cv5itaEUy5c,359,腰痛だYO!!,,,,,,
1sYIa3Ea9XM,,MonsterZ MATE「Roulette!」Music Video,,,,,,
m-jndGK_dpQ,358,安心してください、履いてますよ,,,,,,
baPt3qxAsFY,357,コーサカの絵当てたい王選手権2,"緑仙, ドーラ",,,,,
9oVhi4fJ70k,356,【第8回出来らぁっ!!】ポケモン図鑑の説明だけでポケモンの絵を描けるっていったんだよ!!,"天開司, ドーラ, あっくん大魔王",,,,,
6zfKNo9Rl5c,355,コーサカの絵当てたい王選手権!!,"あっくん大魔王, 環右金",,,,,
tzf8r1YmQv4,,『MonsterZ MATE 3rd Anniversary LIVE -UNITE-』ダイジェスト映像,,,,,,
OOEb8A7UgCY,,MonsterZ MATE 3rd Anniversary LIVE「UNITE」SPOT映像（MZM編2）,,,,,,
wn66Vaya7hU,,MonsterZ MATE 3rd Anniversary LIVE「UNITE」SPOT映像（コーサカ編）,,,,,,
x4g6Tgr4-YI,354,緑と赤の貴重な○○シーン,"緑仙, ドーラ",,,,,
cQOOXkSlnfw,353,グラデーション伝えたい王選手権,"あっくん大魔王, 環右金",,,,,
NCOE40DQp9A,,52Hzの鯨 covered MZM,,,,,,
3CLXBq3f6BE,,MonsterZ MATE 3rd Anniversary LIVE「UNITE」SPOT映像（アンジョー編）,,,,,,
F3NZRzyrcgw,352,【第7回出来らぁっ!!】ポケモン図鑑の説明だけでポケモンの絵を描けるっていったんだよ!!,"天開司, ドーラ, あっくん大魔王",,,,,
cR0Rx-QTC28,351,好きの形骸化,,,,,,
cA1TkOa_S0E,,MonsterZ MATE 3rd Anniversary LIVE 「UNITE」SPOT映像,,,,,,
C1-kkP3fuuE,350,「セルフメーゴッソリーニー」って知ってる？,,,,,,
1P86n2KS2nk,349,【内見パート2】 狼男と吸血鬼の共同生活 【してみた】,,,,,,
-YQ0x5BKsfE,348,チ○コバ○○…？意味深な言葉しりとり選手権！,,,,,,
nedcijI6YWM,347,苺に練乳付ける派？,,,,,,
wKe9y9M8ORQ,346,新モデル公開！！！！！！ Part2,,,,,,
46zIZekNfcY,345,【第6回出来らぁっ!!】ポケモン図鑑の説明だけでポケモンの絵を描けるっていったんだよ!!,"天開司, ドーラ, あっくん大魔王",,,,,
MgFOrENuGD0,344,【温故知新】MZMゲーム！！！！！！！！！,"Marpril（立花 鈴, 谷田 透佳）, 天開司",,,,,
t3aD14NMPbU,343,エヴァ見た！？俺はまだ！！,,,,,,
XdOVSELsbZI,342,敬語使えない人間ゴン,,,,,,
fAxNIsdSkTs,,「DEEP BLUE TOWNへおいでよ」MZM Remix,,,,,,
uQYFl7lhmrU,341,【第5回出来らぁっ!!】ポケモン図鑑の説明だけでポケモンの絵を描けるっていったんだよ!!,"天開司, ドーラ, あっくん大魔王",,,,,
8iDJgKLapF8,,「ain't nobody STOP」MZM Remix,,,,,,
yp4YzoB68K0,340,響け！ Among Us,,,,,,
p4hZEDOppr4,339,【僕らはいつも以心伝心】親友と思い出一致する王,天開司,,,,,
BppD2l9VP0M,338,【2020振り返り】「オールナイトしないニッポン」特別編（ゲスト：朝ノ瑠璃、天開司）,"天開司, 朝ノ姉妹ぷろじぇくと（朝ノ瑠璃）",,,,,
s7K8VD-2a38,337,【第4回出来らぁっ!!】ポケモン図鑑の説明だけでポケモンの絵を描けるっていったんだよ!!,"天開司, ドーラ",,,,,
gQ8aPS6nRko,336,マハラジャの風（コメダ珈琲さんの話です）,,,,,,
QuP3cfrypWA,335,歌詞ジェスチャー王選手権？？？？？？？？？？？？？？？？？？？？？？？？,"舞元啓介, ジョー・力一, 天開司",,,,,
42ofN5O4DZU,,MonsterZ MATE「ミスターエンド」Music Video,,,,,,
FhAcONnM3yk,334,男三人寄ればパフェも盛れる,"あっくん大魔王, 天開司",,,,,
wmn3GVuvUQo,333,【第3回出来らぁっ!!】ポケモン図鑑の説明だけでポケモンの絵を描けるっていったんだよ!!,"天開司, ドーラ",,,,,
KtY3wKkMnEk,332,ナチュラル怖い話,"天開司, 朝ノ姉妹ぷろじぇくと（朝ノ瑠璃）",,,,,
ESulStvi5w0,,アルバム収録曲を紐解く！歌詞解説配信　その3,,,,,,
y6wt0Kw3zhk,331,サプライズプレゼントはエゴ part2,,,,,,
eXxfR3YEvQ8,330,アンジョー、クレジットカード不正利用されたってよ,"あっくん大魔王, ドーラ",,,,,
Z6y2ogTcFFw,329,藤木という男 前編,,,,,,
j7X9T9ETtes,328,急にブッ込むあっくん大魔王,"あっくん大魔王, ドーラ",,,,,
UFaqzPfG5rk,327,男子同士の悪ふざけには歯止めが効かない【MZMゲーム】,"舞元啓介, ジョー・力一, 天開司",,,,,
G7ySagJ3gfc,326,初夢2021,,,,,,
srTBtq4baxY,,【#新春桃鉄コラボ/コーサカ視点】人生で二回目の桃鉄【Vtuber/かしこまり/天開司/東雲めぐ】,,,,,,
wAsXKMJXplA,325,2021あけおめ！〜温故知新〜,"天開司, 朝ノ姉妹ぷろじぇくと（朝ノ瑠璃）",,,,,
qrcUj9XT13E,324,【コント番組】「MZMのみなさんのおかげです。年越しスペシャル2020 〜今年は大変だったね〜」,"でんき, ワニのヤカ, 天開司, 朝ノ姉妹ぷろじぇくと（朝ノ瑠璃）, ドーラ, ベルモンド・バンデラス, 魔宮ベル, 夜中ヨル, 竹谷竿丈, 榎木ねずみ, レオン・ゼロミヤ, 東雲めぐ, 舞元啓介, ジョー・力一, 姫川結泉, 神子田ミコト, 環右金, 夜乃ネオン, 浮遊信号（あとり依和, esora uma）",,,,,
zz_IKIRVWvE,,今日は少し呑んでもいい,,,,,,
Cjt305saJOw,323,【分からぁっ!!】おなじセリフで本人を当てれるっていったんだよ!!,"天開司, ドーラ, 歌衣メイカ, ぴろぱる",,,,,
ncfLpj8NlTI,322,S     B     B,天開司(いつものゲスト),,,,,
xXV2m4IWuPw,321,「ひぐらしのなく頃に」を観る時は気をつけろ,天開司(いつものゲスト),,,,,
w_K6dqBwLRQ,320,男の子は大変なのだ,"舞元啓介, ジョー・力一, 天開司, 星乃めあ, 副部長(星乃めあマネージャー), かしこまり",,,,,
tIjcrta5cl4,319,鬼滅の刃を頑なに読まないヤツの正体,天開司(いつものゲスト),,,,,
BtqsvWaPdiY,318,【ユメノグラフィア】ツッコミとかなしでユメグラを体験する動画を投稿する漢気,紅夜ぺい,,,,,
5ggJ2DKcIdI,,アルバム収録曲を紐解く！歌詞解説配信　その2,"星乃めあ, YACA IN DA HOUSE",,,,,
77KqAOD7xww,317,ドキッ！男だらけの体力測定 ポロリもあるかも！アレ？あったっけ...？あれ？僕は誰？...君の名は？ 後編,"舞元啓介, ジョー・力一, 天開司, esora uma (シャトルラン音源制作)",,,,,
OEa3VpU-qVU,,秋のお絵かき配信♡　アンジョー × 粛正罰丸,,,,,,
b0o6WMvEE5Q,,コーサカ作業中,,,,,,
WiWyBmzrYHY,316,ドキッ！男だらけの体力測定 ポロリもあるかも！アレ？あったっけ...？あれ？僕は誰？...君の名は？ 前編,"舞元啓介, ジョー・力一, 天開司",,,,,
3ahoK-9TcLI,,Vメン祭！2020 前々夜祭,,,,,,
4K_rnBIC_V4,,『千年愛』振付師とかから踊ってみた動画が送られてきた,"暴徒(コーサカパート、『千年愛』振付), ただのん(アンジョーパート、日程調整（大事）), 伊達こちゃす(撮影・編集)",,,,,
fSfOq7nmU-s,,アルバム収録曲を紐解く！歌詞解説配信　その1,,,,,,
ZJMhdbvXm1M,315,袖振りあうも多少の縁、yeah！,天開司(いつものゲスト),,,,,
uqpvI-UnJAM,,MonsterZ MATE「掌ダンス」Music Video,,,,,,
Guf1QBmI0ug,,アルバムリリースお疲れ！打ち上げるぞ！【#通過点は255】,,,,,,
ILvhEoEzHQk,314,農家とピエロの貴重な〇〇シーン,"舞元啓介, ジョー・力一, 天開司",,,,,
EzaeiTJEJoU,3,アルバム「255」定期配信　追加発表もあるヨ！#3,,,,,,
SQCbqiTWCCY,313,タイトルに詰まるアンジョー,,,,,,
0LnQOCW26No,312,ギターヒーローに会った話,,,,,,
IXdrHDlEpgE,311,口の中身はなんだろな？,"乾伸一郎, バーチャルゴリラ, 天開司",,,,,
l41qm8xIKGQ,,MonsterZ MATE「255」発売記念インターネットサイン会,,,,,,
lHA2vsNyvFo,310,定着を狙え！MZMゲーム！！,"乾伸一郎, バーチャルゴリラ, 天開司",,,,,
Ylcr7rY1yR4,309,忍者とゴリラの貴重な〇〇シーン,"乾伸一郎, バーチャルゴリラ, 天開司",,,,,
gh_HLv-ggzY,,VIRTUAL CYPHER feat.コーサカ、龍ヶ崎リン、神咲嶽,,,,,,
iFIWWiSgcOg,2,アルバム「255」定期配信　予約会もあるヨ！ #2,,,,,,
7sAyDG4QFGY,,MonsterZ MATE「255」Music Video,,,,,,
zSAyqLyB3xE,308,オー○ド「そこに3人の女の子がおるじゃろ？」,"天開司, ドーラ, 銀河アリス, 鈴鳴すばる, 星乃めあ",,,,,
0yDOD_keAG0,307,納涼！秋の怪談大会,"天開司, ドーラ, 天城てん（星天チャンネル）",,,,,
qdYm434lPlE,,「OUTSIDERZ -悪漢奴等 is Justice- 」MZM Remix,,,,,,
Bt-kBO0RO-M,1,アルバム「255」定期配信　予約会もあるヨ！#1,,,,,,
WkuaktsW5MQ,306,【MZM×ひま食堂】口説き文句で男性VTuber達がラウンドツー、ファイッ！,ひま食堂,,,,,
qqy1tmzR5cc,,2ndアルバム『255』通信　その1,,,,,,
4Vyua0bKQwk,305,苦戦するコーサカ,,,,,,
_MmAoddkiJs,304,おじさん化,,,,,,
H7vHi_6O3Mw,303,【第2回出来らぁっ!!】ポケモン図鑑の説明だけでポケモンの絵を描けるっていったんだよ!!,"天開司, ドーラ",,,,,
tSsf6zUphIM,,協力してクリアするホラゲをやる！【The Watchers】,,,,,,
Ff6RxJ-lxf0,,【FFCC】ゲームボーイアドバンスって知ってる？【天開司、叶、あっくん大魔王】,,,,,,
eKx2WJdXU5o,302,友達の歌詞に救われた話,,,,,,
PYKtiYRZql8,,【Pacify】ホラゲ、友達三人いれば平気説,,,,,,
_GzxuHG1T7Q,,【Pacify】ホラゲ、友達三人いれば平気説,,,,,,
Hyd_rCe9Cu4,,【MV】the pear of one’s eye,,,,,,
h3dc9z3UGCg,,曲を作る配信,,,,,,
qx1bHpL8b14,301,【出来らぁっ!!】ポケモン図鑑の説明だけでポケモンの絵を描けるっていったんだよ!!,"天開司, ドーラ",,,,,
GgNIwATyJT8,,MZMアルバム告知補完計画,,,,,,
JZ4AtHfAEXs,300,「来る」見たことないの？マジ？うち来る？,,,,,,
1mJCUS0PSAE,299,居酒屋の店員だと思ったら実は......,,,,,,
ZREgm8oWlBs,298,ドルチェ＆ガッバーナの香水当て王選手権,"鈴鳴すばる（まりなす(仮)）, ドーラ",,,,,
-_seC_mORis,297,ファイアードレイクとSSの貴重な○○シーン,"鈴鳴すばる（まりなす(仮)）, ドーラ(08.19誕生日おめでとうございます♪)",,,,,
OfIaRzyus4M,296,もらす話,,,,,,
YDQFCBg5s-g,295,アニメを見て大声を出す人（響け！ユーフォニアム二期編）,"鈴鳴すばる（まりなす(仮)）, ドーラ",,,,,
yDVeAgC_TJk,294,MAMAMOOを見た相方の様子が......,,,,,,
7booDiyr0bs,293,「響け！ユーフォニアム(１期)」を見た相方の様子が......,,,,,,
gSt07PhDlHk,292,誰かを頼るのは悪いことじゃない,,,,,,
6xLlSv2TANM,291,僕アンパンマンです！君は何マン？【PPH・あっくん大魔王】,"あっくん大魔王, ピンキーポップヘップバーン",,,,,
8dRdHpyvcjQ,,モッツァレラ▲トライ▼クッキング covered MZM,羽子田チカ,,,,,
vf5O_2MazfM,290,ハイブランドのバッグの購入を検討しております。 当方吸血鬼です。,,,,,,
sCGjbKiYy_Q,,お絵かき配信するわよ！！　アンジョー × 粛正罰丸,,,,,,
VcMxlv2rL3I,289,Amazonで購入したものの値段高い方が勝ち王選手権,,,,,,
cmEIS1Rn1Qs,2,推しラジ#2,,,,,,
1Wwq-j6J1iA,,ドーラ「アソビ大全は遊びじゃないんすよ」,,,,,,
dzyOLkVNSgo,,【Keep Talking and Nobody Explodes】運命の赤い糸は切れねえだろ的なやつ,,,,,,
4pwnxLTuY7o,288,U-NEXTを契約する話術,,,,,,
WIGrGEDrDsI,,【#漢気麻雀 / #雀魂 / コーサカ視点】エイリアン2は面白いが1と方向性が全く違う【Vtuber/歌衣メイカ/天開司】,,,,,,
0HfwOp_a3GU,287,仕事は遊び（ドヤ）,,,,,,
DGTALzI6Dc0,,協力してクリアするホラゲをやる！【The Watchers】,,,,,,
HaoEXZm5wJ8,286,大魔王なんかじゃない,"あっくん大魔王, 天開司",,,,,
pk3Snlc41rs,,【犯人は誰？】 #下ネタ三国志 ～さんごくし殺人事件～【マーダーミステリー/コーサカ視点】,,,,,,
6Ay8PP13c3c,,宇宙ラジオ局,,,,,,
KCKBk5yc-hM,285,金の玉と大魔王の貴重な〇〇シーン,天開司,,,,,
_d_YqIXscRQ,,【Project Winter】 #闇鍋人狼,,,,,,
yTzihYA2XGg,,星井美希がshowroomで配信をするから見る。どういう事って？俺も分からん,,,,,,
nvB_vSDW47s,284,男子中学生たちの放課後 〜「いっぱい」の『い』を『お』に変えて〜,天開司,,,,,
HVaMRrKOQLw,283,2ヶ月間収録できなかったVTuberの末路,,,,,,
_ppucinzRBs,,【#MZMワンマン】『-Flags-』を振り返ります。,,,,,,
GEUE3WbLLH8,282,ランチじゃ!!アラビア料理じゃ!!マハラJudgement...(ネイティヴ),"yosumi, エハラミオリ",,,,,
pcvM21GeLKs,281,映画館隣席ガチャ!!!!!!ドゥルルルルルルドピュルルル、ダン!!!!!!!すぐ靴を脱ぐ客!!!!!!!ワーーーーーッ!!!!!!!!!!Judgement...(ネイティヴ),,,,,,
1a0Z550vYws,,【MV】Last Judgement / MonsterZ MATE,,,,,,
G7EoHUX86bQ,,【ワンマン前夜祭】事前告知やってくよ！！！！！,,,,,,
-PC8hHlJHfY,280,パイルバンカーコーサカ、心を整える2020夏,,,,,,
LbpEQvdAqRU,279,【引っ越し】狼男と吸血鬼の共同生活【するで】,,,,,,
YpuMSNvfG_0,278,全員が全員『鬼滅の刃』を読んでると思うなよ！！！！,,,,,,
KuqDKIggXAE,277,引き際の美学,,,,,,
OawLO559MrU,276,窓割った話,,,,,,
2m1WpR1OQuc,,協力してクリアするホラゲをやる！【The Watchers】,,,,,,
EM2IxIXQ6h0,,協力してクリアするホラゲをやる！【The Watchers】,,,,,,
v8RmLJymVdE,275,花を捨てるに海老は川,,,,,,
UYZzk7Fqa44,,校長先生の話エンドレスに相槌を打つ配信,,,,,,
mR9M856iB8U,274,1本では折れてしまう矢も3人寄ればあたたかいナリ〜,天開司,,,,,
sLw3K-DVU3k,,朝ノと司と麻雀と,,,,,,
xySf8gfozXM,,MELTY BLOOD covered MZM,,,,,,
vMYyAU3P61w,,【やっとできる告知アリ】MZMの雑談配信〜6月のお知らせ〜,,,,,,
bp89G8eq_Vs,273,お前ら許さんぜよ！あたいのジェスチャー当ててみな！,,,,,,
hPiPjqip3qs,272,風邪をひく→独り→辛い,,,,,,
zQ1bryNafgU,1,推しラジ#1,,,,,,
9OxT7gBPnqk,271,偶然を味方につけたのは誰......Ole!Ole!Ole!Ole!俺!俺!,,,,,,
Bc5PkLwccMM,,延長戦🦇🐺,,,,,,
yZ1ItZ7sQcA,,【告知アリ】MZMのお知らせ生配信🦇🐺,,,,,,
Bn-eKwqd4zE,270,梅雨にカルタとは礼節に欠けてるんじゃないの？ゲリラ豪雨♡,天開司,,,,,
HVZfxOj-KTg,269,己を貫き通すということ〜主人公のなり方〜,,,,,,
1N28jC3b-JM,268,テッテテーン!!!!!!!今後の方針について,,,,,,
c5fBNirwYYE,267,MIXの話(MZMremix),,,,,,
fRQZ_lCToOs,,MAIKO語り～PRIDE思い出編～,,,,,,
xl3U7eS3WL0,,初の同時視聴はサマーウォーズ!!!!!!!!! with 朝ノ　#コー瑠璃,,,,,,
2TgJd9oh4IQ,,【#花金お気楽麻雀】社会人が多いのでむしろ金曜日の呑み会は避ける【歌衣メイカ/コーサカ/天開司/律可】,,,,,,
G44sptspDY4,,100万ベル争奪👊V釣りバカアルティメット!(Side KOSAKA),,,,,,
0moNT8M3qkk,266,ツイスターゲームをやるタイミングなんてない,"天開司, 朝ノ姉妹ぷろじぇくと（朝ノ瑠璃）",,,,,
ON-yk5vOhWs,,【㊗️2周年】MZMの活動2周年を祝う記念配信,,,,,,
JwaDth36km4,265,SNSという広大な海の話,,,,,,
1347AaY4fCo,,落ちたら即終了！#狼男と壺男　その2【Getting Over It】,,,,,,
fPXflriNwqc,264,寝溜めカンタービレ,,,,,,
kqI0uxg0q34,263,生きる為に働くのか、働くために生きるのか,,,,,,
Z-BWfI2_02U,262,三回忌の話,,,,,,
aAeGP94LGag,,【雑談配信】姫様パイセンは喋りたい,,,,,,
vZmYc-mSNv8,,KOSAKA TOKYO DRIFT FREESTYLE 🇯🇵🦇,,,,,,
qCS6wjmTp30,,うちで踊ろう- MZM Remix,,,,,,
y2-rNqxi5RM,261,Q.交差点で100円拾ったら届ける場sハーイハイ‼️ハームじゃないーーー‼️,yosumi,,,,,
rsxThyElIHI,260,みんな映画観る時何食べる？,,,,,,
zi_qbvWIbxc,259,【ミルクボーイを検証】景品のないビンゴは盛り上がるのか？,"天開司, 朝ノ瑠璃",,,,,
6e_NfxnfRKM,258,ドラゴンボールネタバレ事件無罪判決,,,,,,
d1i6W0LAUNM,,ワンマン延期を報告するMZMの配信,,,,,,
CQRrY8rrRaU,257,カメラチェックには手を出すな！,,,,,,
bNOAzUQruAk,256,黄ばんだスタッフ,,,,,,
lVj0eQk_6XQ,,【ワンマンやるよ！】MZMのお知らせ生配信,,,,,,
RERDRhhupow,255,もしもドヤ顔するならば顔の角度に気を付けろ,,,,,,
bHOGAg9G7_8,,twinkle night surprise[ego] Remix (コーサカ&KMNZ LIZ),LIZ,,,,,
1q1Jtjz1eII,254,モノマネやるぞ！こい！！！！！！！！,,,,,,
BDCGgI_p83A,253,結論 King Gnuは◯ ◯,,,,,,
cgvnTGXMCTY,252,コーサカ教,,,,,,
A0otJBh3oGg,,【あつまれ どうぶつの森】吸血鬼はどうぶつに入りますか？3日目【#あつ森】,,,,,,
6_U4NhX-HyY,,【あつまれ どうぶつの森】吸血鬼はどうぶつに入りますか？2日目【#あつ森】,,,,,,
cL4wIlq5R4w,251,JKと債務者の貴重な〇〇シーン,天開司,,,,,
VC4q-gQrdXY,,【あつまれ どうぶつの森】吸血鬼はどうぶつに入りますか？1日目【#あつ森】,,,,,,
P0_hVATyoFs,,【告知アリ】MZMの雑談生配信,,,,,,
sxuJWK8z4sU,250,仁義なきドッキリ(天開司編),天開司,,,,,
eJli8ATRWQw,,魔法なんかじゃない covered MZM,,,,,,
bzUg0UlmMLs,249,VTuberの卒業式をやってみた,ちゃらんぽらん隊,,,,,
avvRaPZ-GQI,248,卒業するVTuberたちの貴重な〇〇シーン,ちゃらんぽらん隊,,,,,
a1a1VgnkKVQ,247,歌衣メイカフェ♡,"歌衣メイカ, 螺旋巻かたり",,,,,
cDmvnycyzNU,246,少年「正義ってなにさ!?」,,,,,,
P5Dt-DbdmBo,,フーアーユーなんて言わないで covered MZM,,,,,,
HjRGbbKk5-Q,245,【コラボ】平田と人類救済プログラムの貴重な○○シーン,"ピンキーポップヘップバーン, 夜乃ネオン",,,,,
vdWIIquSqeU,244,カルトコーサカ,"朝ノ姉妹ぷろじぇくと（朝ノ瑠璃）, 天開司, 虹乃まほろ, ピンキーポップヘップバーン",,,,,
bdmNXiPTRS0,243,俺より強いやつに会いに行く......【鈴鳴すばる・フェルミ】,"まりなす(仮)（鈴鳴すばる）, 真空管ドールズ（フェルミ）",,,,,
S9oDys6qPnQ,242,昼夜逆転直したいやつ出てこいや！！！,,,,,,
9qSka0u8kBo,241,【MZM】新しいEDを撮ろう!!【三期ED】,,,,,,
lq6EF1c5dpo,240,チョコ♡爪♡呪い♡オラァッ!!!!,,,,,,
Jk3VqvwnxkU,239,【ドロヘドロ】教えて！コーサカ先生【四時間目】,,,,,,
PmWtWAqfZkc,238,【事件】キャラフレームは突然に,,,,,,
FmPqugR0JJ8,237,【コラボ】当たり前な事をヘリウムガス声で言う王選手権,ちゃらんぽらん隊（︎uma (  )）,,,,,
XKoJdr0lylk,236,焦がれた世界の宅呑みで,,,,,,
y37geV5z7fw,235,【コラボ】ヘリウムガス吸って決めセリフ言いたい王選手権！,ちゃらんぽらん隊（︎uma (  )）,,,,,
iJduzUFCs5k,,【MV】また明日 / MonsterZ MATE,,,,,,
ykEDO5BySLA,,【#V呑み】おっさんV居酒屋 ～今日は今更新年会～,,,,,,
T4nPf41oXsE,234,「オールナイトしないニッポン」特別編（ゲスト：朝ノ瑠璃、天開司）,"天開司, 朝ノ瑠璃",,,,,
Njg1X4JQ0T4,,MonsterZ MATE「また明日」 (Teaser),,,,,,
IHMhmjDpD0Q,233,【MZMゲーム】古き良きパーティゲームを今こそ【ナハナハ】,"天開司, 朝ノ姉妹ぷろじぇくと（朝ノ瑠璃）",,,,,
rjapPF4KDVI,232,面　接,,,,,,
rBXlasSnWkE,231,狼男は世界終焉の夢を見るか？,,,,,,
PQyzo2g5B4c,,【Vtuber寓話】#わらしべコーサカ,,,,,,
Ij77ECZ3H0s,230,初夢2020,,,,,,
s0SSlipBAIc,229,新年にノリで友達の実家に来てしまったVTuberたち,"天開司, 奏MiMi",,,,,
eago9l2YPlE,228,【コント番組】「MZMのみなさんのおかげです。〜年越しスペシャル〜」,"でんき, ワニのヤカ, 天開司, 朝ノ姉妹ぷろじぇくと（朝ノ瑠璃）, ベルモンド・バンデラス, 真空管ドールズ（フェルミ, ブロッサム）, 柊 うるめ, 竹谷竿丈, 夜中ヨル, ピンキーポップヘップバーン, ちくわ, 星乃めあ, 奏MiMi, ちゃらんぽらん隊（あとり, 一角, uma）, 魔宮ベル, 夜乃ネオン, まりなす(仮)（鈴鳴すばる）, nyankobrq",,,,,
buflv9YcaPs,227,新曲に振り付けつけたマンです。君は？,,,,,,
se0Cfzwfj8A,1,【MV】Beep☆CARAMEL / MonsterZ MATE,,,,,,
ZbmoKFeNSJs,226,友達がオリジナル絵描き歌をつくってきたwwwwwww,,,,,,
1eon3CFjjRg,225,Q.交差点で100円拾ったら届ける場sリーンリーンラーンラーンソーセージ!!!!!!!!!,,,,,,
_2Y6XSZdQqM,,【MV】call me now feat. 星乃めあ / MonsterZ MATE,"星乃めあ, バーチャルねこ, 柚木涼太",,,,,
_GX4qt20dqw,,【緊急特番】第二回　とある男達のドラフト会議,,,,,,
Q5jwtgsvGb4,224,MZMで風邪を引いたのは誰......Ole!Ole!Ole!Ole!俺!ANJO!,,,,,,
-7htHSQZdhM,223,おいおい......もう忘れちまったのかい？先月の今頃はハロウィンだぜ？,,,,,,
KFiTr_f0544,,乙女解剖 covered 星乃めあ×MZM,"星乃めあ, 魔宮ベル",,,,,
mo6zrlbmP8o,222,借金アイドルとバーチャルシンガーの貴重な〇〇シーン,"星乃めあ, ちくわ, 天開司",,,,,
764-BDdIFKw,221,【誕生日ドッキリ】超超超高度なサプライズを仕掛けてみた！,"星乃めあ, ちくわ, 天開司",,,,,
Pat0vmKMeJI,220,【リングフィットアドベンチャー】ムーキムキムキムキムキムキムキムキムキムキキムキムキムキムキムキムチィッ!!!!!!!!!!【筋肉】,,,,,,
z41MVh2JHzk,219,まるで「冴えない彼女の育てかた」の案件動画かのような動画,,,,,,
YlJtlCrlgTk,218,Y     B     B,,,,,,
GnrZP2olSNE,217,【GALS!】教えて！コーサカ先生【三時間目】,,,,,,
VIb0xWOGzNA,216,サムネイル見ただけで動画のタイトルを当てられるか王選手権,,,,,,
FVjnC4MCn3k,215,【グラフアートコラボグッズ】入荷！完売！再入荷！完売！再々入荷！k...ありがとうございます！,GraffArt(グラフアート),,,,,
fdrni61hbm8,,【MV】Bite me. (bite back remix),,,,,,
lqA6wp_of1U,214,顔が変わった疑惑について真実をお話しします,"クロイニャン, 星乃めあ, ちくわ",,,,,
nW9mnbAWA4A,,【MV】Bite me. / MonsterZ MATE,,,,,,
LLaak_-mooI,213,ポンコツリベンジ,,,,,,
k5LM1eD2GM4,212,【MZM×ダンテズピーク】隣のカフェ&バーの兄ちゃん達の貴重な○○シーン,"ダンテズピーク（アモン・フロックハート, ミカ・エルハインド）",,,,,
s3GwwM9vjHI,211,【MZM×ダンテズピーク】口説き文句で男性VTuber達がラウンドワン、ファイッ！,"ダンテズピーク（アモン・フロックハート, ミカ・エルハインド）",,,,,
Kn_QovOYtz0,210,【MZM×ダンテズピーク】一触即発！ティムタムゲーム！！！！！！！！！,"ダンテズピーク（アモン・フロックハート, ミカ・エルハインド）",,,,,
wrY9Ce3S-_M,,【緊急特番】第一回　とある男達のドラフト会議,,,,,,
iwIS5cS-ubI,209,新令和の常識！昭和の流行り言葉王選手権,,,,,,
snHIEwXfUZM,208,時をかけるMZM,,,,,,
RYKkOyLR_7s,207,ソース vs 醤油,,,,,,
nn31L4IYVn4,206,【コーサカvs天開司】「このマンガがすごい！」で遊んだらすごい！【すごい】,天開司,,,,,
FbQuOvNfsSg,205,遂に俺たちも○○に登録された！？,,,,,,
27xYWvVqC20,204,路上で柔道はマジヤバイ,,,,,,
xnVxLR3_VLo,203,アキネイターvs人間,,,,,,
f2KfNx7JHz0,,【MV】唐揚げラップ / MonsterZ MATE,,,,,,
h24m74Erumo,202,唐揚げにレモンをかける人間に告ぐ,,,,,,
QJXy4OKEgNo,,【MV】Enter the Avatar / MonsterZ MATE,,,,,,
2VISGrzscqQ,201,【MZM×Marpril】商標の関係でユニット名を変えた女の子たちの貴重な○○シーン,"Marpril（立花 鈴, 谷田 透佳）",,,,,
hRXwDbdMe-c,200,【MZM×Marpril】利きハーゲンダッツ対決！！,"Marpril（立花 鈴, 谷田 透佳）",,,,,
dK40L37gJHQ,199,TwitterプロフィールだけでVTuber誰かわかる？,"エルセ, さめのぽき, えのぐ（日向奈央）, ダンテズピーク（ミカ=エルハインド, アモン・フロックハート）, 叶, ふくやマスター, 乾伸一郎, ウル＝ケン･ノース, 柊うるめ, たまのるい, 夜中ヨル, ミライアカリ, 東雲めぐ, ケリン, ちゃらんぽらん隊（一角）",,,,,
9kp6MRchB3c,198,【コーサカvs天開司】『ワンピース』クイズ王決定戦,天開司,,,,,
9qQ_Az73AOE,197,所属企業の打ち上げでブチギレるVTuber,,,,,,
d186WxUK5AE,196,合コンでやるゲームといえば？,,,,,,
9naIBPgd3sU,195,山　　手　　線　　ゲ　　ー　　ム,,,,,,
nbszeAbns_g,194,プールサイドの岩石、下から見るか？横から見るか？,,,,,,
qQE_uTwycJo,193,友達を誘って、今こそあのゲームをプレイ！！！！！！,天開司,,,,,
e9novfyAa3c,192,【FAVRIC出演決定】ラン！ランウェイ！,,,,,,
q1YX1kFK9n8,191,無人島（2年連続2回目）,,,,,,
9TGR_uGB1Ow,190,『不可解』を紐解く男たち,,,,,,
FYepFJeqD9M,,【MV】Diver×Diver / MonsterZ MATE,,,,,,
hKb-KNMdzig,189,夏コミ行ったら南館が最強すぎた！,,,,,,
diGsYFRuzyc,,【配信中に曲を完成させるラジオ】コーサカのオールナイトしないニッポン #5　アシスタント:ワニのヤカwithエハラミオリ&ツラニミズ,,,,,,
HWiyRHY-UsU,,【MV】透明な日曜日,,,,,,
SbUB7SV3f3s,188,おーい、みんな〜！このアニメ、何年前のだと思う？,,,,,,
WFaqAfrRSPA,187,バ美肉ッ！バ美肉ッ！バ美肉ッ！,,,,,,
fS4u4DvyVeE,186,『グラップラー刃牙』から学ぶ人生サバイバル術,天開司,,,,,
BnIDYBd6HG4,185,【コント番組】「MZMのみなさんのおかげです。〜夏休みスペシャル〜」,"ワニのヤカ, 天開司, 朝ノ姉妹ぷろじぇくと（朝ノ瑠璃）, でんき, ベルモンド・バンデラス, 真空管ドールズ（フェルミ, ブロッサム）, 柊 うるめ, ふくやマスター, ちゃらんぽらん隊（あとり, 一角, uma）, 竹谷竿丈, nyankobrq",,,,,
VEhIdkVlC9g,184,夏だから男性VTuberを釣ってみたｗｗｗ,,,,,,
LSlyL8aFGfA,183,洲崎綾さんのラジオに出てきた,,,,,,
cAS7GB1aOwY,182,【MZM×真空管ドールズ】心を持ったドール型ロボット達の貴重な○○シーン,"真空管ドールズ（フェルミ, ブロッサム）",,,,,
pX80OlKzB78,181,【MZM×真空管ドールズ】ゲームアプリ開始時期どっちが古いか当てたい王選手権,"真空管ドールズ（フェルミ, ブロッサム）",,,,,
uwDvVrE0ab8,180,人気声優が結婚した日の深夜に公園で話す感じ,,,,,,
gpQBgJXRT1o,,【MV】One Da Land feat. YACA IN DA HOUSE / MonsterZ MATE,ワニのヤカ,,,,,
-GlrWIyfIUM,179,【MZM×まりなす】avex所属アーティストたちの貴重な○○シーン,"まりなす（仮）（奏天まひろ, 鈴鳴すばる）",,,,,
6n-HlgvRHWQ,178,【MZM×まりなす】ジェスチャーで相手に伝えたい!!王選手権,"まりなす（仮）（奏天まひろ, 鈴鳴すばる）",,,,,
lSRY30GjxWM,177,燃えろ栄光,宇宙怪獣アンチン,,,,,
OEXjwYjUdsc,176,間違い探しだお☆,"アンジョー（CV：ふくやマスター）, コーサカ（CV：歌衣メイカ）",,,,,
IHE7R_4lGpY,175,サプライズプレゼントはエゴ,"KMNZ LITA, KMNZ LIZ, ワニのヤカ",,,,,
zKJs6CnyWAw,174,MZMクイズ選手権（後編）,"虹乃まほろ, さとう（メロンブックス横浜店）",,,,,
iB4lqK8lMHc,173,MZMクイズ選手権（前編）,"虹乃まほろ, さとう（メロンブックス横浜店）",,,,,
NPEiqGhj3l0,172,コーサカ式スランプの脱却術,,,,,,
_a0ycmRwizE,171,初心者向け！下半身を鍛えるアンジョー式筋肉講座,,,,,,
aJTpWPdViXQ,170,お金が貯まる方法,,,,,,
B3T4TCDEQVE,169,ちょっと待って！新しい椅子を買う前に見る動画,,,,,,
MG3BuZJwI0s,,アニメOPっぽい曲できたｗｗｗ,"ダンテズピーク（アモン・フロックハート, ミカ・エルハインド）, 眠居ふわり, リオネル・エレオノール・ド・シィアニア, 朝ノ姉妹ぷろじぇくと（朝ノ瑠璃, 朝ノ茜）, 銀河アリス, 夜子・バーバンク, 風宮まつり",,,,,
ucctpIgiLww,168,アニメOPあるある,,,,,,
qup90nYI4MI,167,メロンブックス横浜店お礼参り再び,,,,,,
sor2JhNI-sE,166,穏やかじゃないわねぇ、MZMからファン心理の話がでるなんて,,,,,,
jEZ-nKGDoeU,165,名作アニメを名場面を使わずに相手に伝える選手権,,,,,,
FXQWjxYRROw,164,昨今のタピオカブームにおける行動理念的考察タピ！,,,,,,
yWQ2zbgnz8M,163,健康で文化的な最低限度のエゴサ,,,,,,
qez_qegp2uw,162,アンジョーによる演劇ワークショップ,,,,,,
Zujj-JVRrKE,161,必見？！遂に2人が語る！……M Z M の 近 況 ！その2,,,,,,
EP_Xst-iIiI,160,2期EDを考えよう,,,,,,
eV9-pbiYnT0,,MZMの歌詞について話す配信,,,,,,
C5YETJ7HnOI,159,MV撮影の合間の雰囲気（「千年愛」オフショット）,,,,,,
ND9EnONbu2o,158,「再現CGメーカー」で遊んでみたら言えないことだらけだった……,,,,,,
HOr71jgCZlI,157,初めて広告つけてみた結果……,,,,,,
eWGZbhRPWms,156,秋の神様とバルスの貴重な○○シーン,"風宮まつり, 銀河アリス, 夜子・バーバンク",,,,,
1kRys0nPaKU,155,クイズ「これ誰の答え？」,"皆守ひいろ, 響木アオ, 朝ノ姉妹ぷろじぇくと（朝ノ瑠璃）",,,,,
gRFdJSw0IMM,154,動画全部面白いけど敢えて選んだTOP10,,,,,,
5SlfzjVhy-c,153,武智くんと林さんのイタチごっこ,,,,,,
gaojuWDh0aI,,【MV】千年愛 / MonsterZ MATE,,,,,,
0XIbmu1DPV0,152,口にするだけで幸せになれる教え,,,,,,
fUFxzA7pelc,151,自転車屋が休業だった話,,,,,,
fjAI9GcUnQs,150,友情崩壊ゲーム〜お菓子を添えて〜,"皆守ひいろ, 響木アオ, 朝ノ姉妹ぷろじぇくと（朝ノ瑠璃）",,,,,
nu5X4KVfaIw,149,第一回10秒ピッタリ王選手感,,,,,,
XNcIrM0SeV4,148,ネギダレの話,,,,,,
-XstOS_QT0w,147,【1周年記念特番】MZMのみなさんのおかげです。,"ワニのヤカ, ちゃらんぽらん隊（あとり, 一角, uma）, でんき, バーチャルゴリラ, アリアーテ学園（陽 有葵, 柊 昴汰, 花柳 六花）, まりなす(仮)（奏天まひろ）, 皇牙サキ, 柊 うるめ, 響木アオ, 竹谷竿丈, 朝ノ姉妹ぷろじぇくと（朝ノ瑠璃）, nyankobrq",,,,,
F1N22CCuL5M,,【MV】hero_ / MonsterZ MATE,,,,,,
hLBIC8vVrLM,146,必見？！遂に2人が語る！……M　Z　M　の　近　況　！,,,,,,
yFY5yJD_y4A,145,耳をそばだてれば,,,,,,
dbOgKvMHI8k,144,チキチキ!!球技の人数多い方選手権,ワニのヤカ,,,,,
wCLlx1kZhmA,143,抜ける抜けないのラインでRound1！ﾌｧｲｯ!!,,,,,,
QYln5o6giLI,142,エモい人生指数チェックの結果に一同号泣……,,,,,,
nzI5DiseihI,141,恐怖！人間輪投げ！！,ちゃらんぽらん隊,,,,,
GZLyku9dvN4,140,魔法学校の生徒達の貴重な○○シーン,ちゃらんぽらん隊,,,,,
H3FfbvaqgVo,139,男子中学生にマインドの近い男たちの駄弁り,ちゃらんぽらん隊,,,,,
YoIoWsvzpzw,138,全曲揃ったアルバムをレコード会社に持ち込んだ結果……,"ヤミクモケリン, 奏天まひろ, 響木アオ",,,,,
MmGkVSbhjy4,137,コンプライアンスは誰が為に,,,,,,
EDD7ymfdmyk,136,新モデル公開！！！！！！,,,,,,
MtrEgHEDHMU,,【MV】狼狽 / MonsterZ MATE,,,,,,
i2H1t4oSoxQ,135,アンジョーという男,,,,,,
hAoS3I1FQu0,134,清純派アイドルと噛み様の貴重な○○シーン,"響木アオ, 天神子兎音",,,,,
zpeWluj3dqY,133,みんなで神頼み！今日から君もモテモテだっ！！,"響木アオ, 天神子兎音",,,,,
Zy0evAjNQ0o,132,女性向け同人即売会で売り子してきた話,,,,,,
_X-RHjDy7aY,131,5月8日発売のアルバムの内容を詳しく紹介！,,,,,,
WJoj3QGA09s,130,MZMは一緒に頑張っていける仲間が欲しい,,,,,,
rcLhtSUNOUo,129,VTuberがロシアンシュークリームした結果……！,"銀河アリス, 夜子・バーバンク",,,,,
BowD38P5qRg,128,VTuberが有名レコード会社を訪問した結果……！,,,,,,
sx6a1nk8hgA,127,重大発表！メジャーデビューします！,,,,,,
MbeTneZvCkA,126,事実は小説よりも奇なりナリ〜,,,,,,
eUkPUcHSEwQ,125,恐怖！唇ぶるぶるゲーム……！,,,,,,
ouffQScITd8,124,ほろ酔い歌姫と打楽器の貴重な○○シーン,"かしこまり, パンディ",,,,,
7vURHWd-pJk,,【MV】Up-to-date feat. かしこまり / MonsterZ MATE,"かしこまり, パンディ, バーチャルねこ",,,,,
koe13WAbrPc,123,ちゃんまり＆パンディとMVをチェックするの巻,"かしこまり, パンディ",,,,,
IAmt-rtunZU,122,MZMは定義できない,,,,,,
Uszc9Khdz-Y,121,マンガのあるある台詞言わせたい王選手権,,,,,,
yuDXjbX6QHg,120,ルームシェアが上手くいく方法知りたない？……用意しといたで！,,,,,,
1cyrVJmVp9o,119,バルス箱バレンタイン〜Present for you〜,"銀河アリス, 夜子・バーバンク",,,,,
WUFYxttZ04k,118,同性コンビが上手くいく方法知りたない？……用意しといたで！,ひま食堂,,,,,
gGQq08fRjFc,117,食堂の店主と元商社マンの貴重な○○シーン,ひま食堂,,,,,
_gsLlqEsm58,116,【四つ巴】第5回ジェスチャー王決定戦,"天開司, 朝ノ瑠璃, 虹乃まほろ",,,,,
StmuhCnGQok,115,虹乃まほろがバルスを出禁になった理由に一同驚愕！涙が止まらない……！,"天開司, 朝ノ瑠璃, 虹乃まほろ",,,,,
in-6kXKOUH8,114,面倒くさいコーサカの図,,,,,,
JWuoHoxLBUo,113,親の七光り（ちょっといい話もあるヨ!!）,,,,,,
Vc-zjekmYzM,,【MV】daydream / MonsterZ MATE,,,,,,
MCweGVLNyTk,112,この世で最も争いを生む動画知りたない？……用意しといたで！,,,,,,
LFSUM1SeKx8,111,「オールナイトしないニッポン」特別編（ゲスト：朝ノ瑠璃、天開司）,"天開司, 朝ノ瑠璃",,,,,
NvVEt8ARaJA,110,忍者と債務者と女子大生の貴重な○○シーン,"天開司, 朝ノ瑠璃, 虹乃まほろ",,,,,
z-DEr1Uk5Yk,109,スラムダンクが好き過ぎるふたりの日常,"天開司, 朝ノ瑠璃, 虹乃まほろ",,,,,
6iaKmh7pPMQ,108,登録2万人ありがとう！〜ぼくらの意思表明〜,,,,,,
93oDmdwmCU0,107,深淵をのぞく時、深淵もまたこちらをのぞいているのだ,,,,,,
QrlSvy5AAIs,106,※ネタバレ注意,,,,,,
IlmE6EsoYmQ,,即売会で良くみる光景,,,,,,
rQ-nSHGETzs,105,【教えて！コーサカ先生】漫画『血潜り林檎と金魚鉢男』【二時間目】,,,,,,
aG4AyoC0Tvs,104,俺らの好きなゲームあるある、聞きたない……？用意しといたで！,,,,,,
CT7qzLvqoK4,103,「それに妄想は誰にも止められないし」カップリング王選手権,,,,,,
SLci6iUQn48,102,10分でわかるMZM,,,,,,
voL4acuEjGQ,101,初夢2019,,,,,,
EC5hqy-ElaE,100,MZMから新年のご挨拶,,,,,,
uQQqtUkKabM,099,狼男と吸血鬼の年越し,,,,,,
xpzYZfll2Zw,098,大喜利AI vs コーサカ〜勝利するのは誰……俺!俺!俺!俺!Ole!Ole!,,,,,,
8o2JaGrj0t4,097,コミケの思ひ出,,,,,,
VtM-wksHuqQ,096,メリークリスマスくらい分かるよ、バカヤロー！,,,,,,
BHiBCA-0_cM,095,漫画が実写化すると原作が売れるよ,,,,,,
K1vsl3mVIIA,094,セシルとあそぼ!!,,,,,,
LqFSshKvOog,,【MV】花咲ク未来ニ / MonsterZ MATE,,,,,,
qp--eX6BhI0,093,ヤバい会社のホームページを見つけたんだが……,,,,,,
IMij59Z4YRE,092,【クイズ】頭カラッポの方が仕込めるものは？,,,,,,
7y_BuA3E30U,091,【衝撃的な】12月9日って何の日？【記念日】,,,,,,
NBUPDBatQRQ,090,孤独,,,,,,
qYBZgBIaT5g,089,カメラを止めるな！MZM半端ないって！バズらないのって奈良判定？そだねー,,,,,,
xceW_HB0euc,088,銀河アリスにドッキリ仕掛けてみた結果……,,,,,,
Rz1Tk7ZMEl8,087,銀河アリスの貴重な○○シーン,,,,,,
7DyegB9sgXw,086,メロンブックス横浜店に行ってきたのは誰……俺!俺!俺!俺!Ole!Ole!,,,,,,
sSeOjYmOS84,085,ハンター試験を受けてきたのは誰……俺!俺!俺!俺!Ole!Ole!,,,,,,
ljqt9_Yy724,084,ピザって10回言ってみて……ピザ!ピザ!ピザ!ピザ!Ole!Ole!,,,,,,
5Fkf4Xq6gjM,,【MV】love letter. / MonsterZ MATE,,,,,,
38QVdm5pi3M,083,ちゃんまりに会ってきた！ヤバくなれるのは誰……俺!俺!俺!俺!Ole!Ole!,,,,,,
0jWshPuDvL8,082,実に面白い動画,,,,,,
SzixwPxw1GQ,81,心を入れ替えて清楚系を目指してみた結果,,,,,,
Ui5X71GWsGQ,80,"登録5,000人ありがとう！敢えて今物申す！",,,,,,
x_jmgxAoLDQ,79,男性VTuberがポッキーゲームやってみた,,,,,,
bezbL_HliN0,78,あの曲の未公開ボイス聞きたない……？,,,,,,
Bncqlz7izxI,77,MZMは柚木涼太先生に興味があります。,,,,,,
9pBviuhx1co,76,オトメギリギリ!!ぶっちぎりの凄い奴,,,,,,
QKMeDyswoDc,75,アキバは電気街って言うより食の激戦区,,,,,,
3gdOMGB6744,,【MV】MonsterZ PARADE / MonsterZ MATE,,,,,,
hKOsvRu2LiQ,74,明日の血液型占いよりも大事な○○ランキング,,,,,,
jVU6KfIBkZw,,星天コンチェルト (キツネDJ Remix),,,,,,
K6VPeifHxTc,73,合コンの時の作戦会議はトイレでしろってお婆ちゃんに言われました,,,,,,
wgGmMJHdOjo,72,合コン！合コン！合コン！,,,,,,
PFbprVUEOVU,71,明日の星座占いよりも大事な○○ランキング,,,,,,
7KJCB7tqexI,70,突撃ッ！！！！！！！キズナアイ面接ッ！！,,,,,,
AnRbqx4nkKo,69,「星天コンチェルト」を振り返る,,,,,,
MLTNmmgMSYg,68,残念,,,,,,
FkQ4ONxVUp8,67,業界最速！○○秒でわかるMZM,,,,,,
7XFCIj_RutE,66,緊急記者会見という夢を見たんだ。〜爆破を添えて〜,,,,,,
8LkeyWRl2HE,,MonsterZ MATE 「ぽんぽこ24」CM,,,,,,
nFeKkjuuF2Q,65,男子トイレあるあるｗｗｗｗｗｗｗｗｗｗｗｗｗｗｗｗｗｗｗｗｗｗｗｗｗｗｗｗｗｗｗｗｗｗｗｗｗ,,,,,,
3yA8kKbpc2I,64,オトナの1-2-Switch〜棒状のものを上下に振ってみた〜,,,,,,
79H3hvrQ3f4,63,"チャンネル4,000人突破！オマケもあるよ！",,,,,,
DL9fR9d9Eag,62,【1-2-Switch】見よ！これがVTuberの棒さばき,,,,,,
EJR_wZ_NNVE,61,『AGF2018』に出演決定！,,,,,,
QZIsOctP9W8,,【MV】星天コンチェルト / MonsterZ MATE,,,,,,
YfQHCKe_phs,60,男性VTuberの貴重な○○シーン,,,,,,
W4498MNxprw,59,教えてもらった遊びがクソ過ぎるｗｗｗ,,,,,,
2ZbGMQB8HaE,58,ラーメンにお湯を注いだ時だけ役立つ動画,,,,,,
l3hQvEIHQiY,057,【どう過ごした？】夏の終わりと秋の始まり【雑談】#057,,,,,,
yO8MCtnn-4w,,【緊急検証】皆守ひいろはコーサカを救えるのか…？！【コラボ】,,,,,,
kdkAnr43Fmc,,KMNZ - VR KO_MAHO REMIX (コーサカ&虹乃まほろ) #KMNREMIX,,,,,,
wwqvAgHbvc0,056,【もはや恒例】第3回ジェスチャー王決定戦 #056,,,,,,
eFmH-ZgjxGs,055,【放送事故？】新しいアー写を作ろう！【撮影会】#055,,,,,,
CK7vKBq59w4,054,【シリアス】LINE着せ替えを賭けて勝負【心理戦】#054,,,,,,
w2yIZbBdgCw,053,【ココどこ？】無人島漂流記【サバイバル】#053,,,,,,
pS8Lix_BoqA,,【グミの日】ぐみのうた（コーサカ ver.）【ラップアレンジ】,,,,,,
keaBv5j9pAc,,【MV】トロピカ☆ナツオーレ〜俺らの恋した真夏のVenus〜 / MonsterZ MATE,,,,,,
Tv_KExCIo_Q,052,【成功者？】サイコパス診断してみた【脱落者？】#052,,,,,,
N89UHkvOI1k,051,【思い出】夏といえばコレ！【語ってみた】#051,,,,,,
KlNkOeqYhiM,,【8/17＠タワレコ渋谷】イベントダイジェスト映像,,,,,,
yF6MfAniIJc,050,【妄想】女の子がキュンとくる○○【言ってみた】#050,,,,,,
oZcx_Fku-S0,049,【VTuberに】平常心を保つための○○な方法【必要なもの】#049,,,,,,
8NjiVbdnfFc,048,【MZM版】「JKチャレンジ」やってみた #048,,,,,,
Pi3w0O5naxA,047,【衝撃的な】8月16日って何の日？【記念日】#047,,,,,,
8UZnaBAo7d8,046,【爽やかな】夏曲デモできました。【爪痕】#046,,,,,,
p3isgp2G1Ak,045,【マリオカート8 DX】風呂掃除を巡って対決だ（後編）【ゲーム対決】#045,,,,,,
uag6sIbhw44,044,【マリオカート8 DX】風呂掃除を巡って対決だ（前編）【ゲーム対決】#044,,,,,,
ggPLGpcUr44,,【8/17＠タワレコ渋谷】イベント開催告知スペシャル映像,,,,,,
sSaGo1dUKOA,043,【早口言葉で】滑舌にあくせくしない王選手権【対決】#043,,,,,,
kKY6iAy3eBQ,042,【痛恨の】オリジナルの挨拶とED映像を作ろう【極み】#042,,,,,,
a_zyGoeIlkg,041,【本当にあった？】見知らぬ同居人【怖い話】#041,,,,,,
v0REnPc6Vo8,40,【目指せ！】体幹トレーニング実践動画【モテBODY】#40,,,,,,
0ySU5zoMo5k,039,【一緒に】「Live your life!!」のMVを振り返る【副音声？】#039,,,,,,
TUHjo1fv3kU,,【MV】Live your life!! / MonsterZ MATE,,,,,,
8HvOhk_clls,038,【世間に】U.S.A.じゃないゲームで対決【迎合？】#038,,,,,,
67DZAjGh-Zs,037,相互理解王選手権（アンジョー・後編）【オトナver】#037,,,,,,
TISRK3gmDfc,036,【ちゃんと】相互理解王選手権（アンジョー・前編）【覚えてる？】#036,,,,,,
wAgzIAQrEsE,035,【報復の】コーサカもMZM刑務所に…！【連鎖】#035,,,,,,
lkl9IPH6Y1U,034,相互理解王選手権（コーサカ・後編）【オトナver】#034,,,,,,
R_SnamhTZic,033,【どれだけ】相互理解王選手権（コーサカ・前編）【分かる？】#033,,,,,,
E93HwXvEzgs,032,【アンジョー】MZM刑務所とは…？！【収監される】#032,,,,,,
WT5xiTpXaEU,031,【ボブ】洋画の名場面あるある【大活躍】#031,,,,,,
P6l5utPlwu0,030,【夏の田舎を】『NOSTALGIC TRAIN』遊んでみた【散策する】#030,,,,,,
G0dQbjfmFO0,029,【マシュマロ】好きなタイプは？【答えてみた②】#029,,,,,,
d8tGuSwIyxw,028,【重大決定】ふたりで○○します！【8月17日】#028,,,,,,
pJDKHD1HTrg,027,【アンジョー】Twitterでやらかす【誤爆】#027,,,,,,
QVc8Xa9R84o,,【MV】ペトリコール / MonsterZ MATE,,,,,,
teQTJCRQtck,026,謎のダンス踊ってみた #026,,,,,,
B65vzv56ulk,025,【好き？】梅雨の季節【嫌い？】#025,,,,,,
SzHmm91gVu4,024,【マシュマロ】お互いの第一印象は？【答えてみた①】#024,,,,,,
Zwe0MM93qdg,023,【○○封印？！】第2回ジェスチャー王決定戦 #023,,,,,,
s4qUHgpIc9o,022,【ぷよぷよ】ピザをかけての壮絶な戦い【テトリス】#022,,,,,,
HWH7djgfbe0,021,【自己紹介】アンジョーの基本情報【やってみた】#021,,,,,,
mZaOy5pfdv0,020,【YAVAI】曲のデモが届いたぞっ！【YAVAI】#020,,,,,,
G6bIJ7vUIo4,019,【教えて！コーサカ先生 】漫画『図書館の大魔術師』【一時間目】#019,,,,,,
Ich_M8kp0Es,018,【俺らの曲】ルームシェアだけでなく音楽も一緒【作っちゃう？！】#018,,,,,,
ki8sAB2DHYE,017,【自己紹介】コーサカの基本情報【やってみた】#017,,,,,,
3jL0UECNGGo,016,【いる？】アンジョーからの贈り物【いらない？】#016,,,,,,
8LL3bkbjYZA,015,【暇なので】コーサカ、1人で過ごす夜【生配信】#015,,,,,,
nCXgJhlpOUM,014,【リズムに】アンジョー流ラジオ体操【合わせて】#014,,,,,,
-9dzmxz5f5A,013,【動画を】カメラ購入【撮影してみた】#013,,,,,,
fH1RvvYJBSY,012,【思い出？】憧れのシチュを語る【妄想？】#012,,,,,,
nvl5ic_-U9o,011,【狼男と】コンビ、はじめました【吸血鬼で】#011,,,,,,
xzgOXWc43MA,010,【覚えてる？】夢の内容、なんだっけ【覚えてない？】#010,,,,,,
5HaYa4v8KWY,009,【知ってると】バーテンダー豆知識【得する？】#009,,,,,,
UpZFrF2OYz0,008,【漆黒の使者】黒光りするアイツ【やってきた】#008,,,,,,
ke2R_KYz5MQ,007,【ガチャ】FGOであの子を出す！Part 2【回してみた】#007,,,,,,
yfxf73fw9kw,006,【ガチャ】FGOであの子を出す！Part 1【回してみた】#006,,,,,,
mULEoaBkx-Y,005,【好き？】腐った食べ物（発酵食品）【嫌い？】#005,,,,,,
xb5O_zs68nQ,004,【勝手】アニメ談義 Part 2【気ままに】#004,,,,,,
Cn3I46fo7Wo,003,【勝手】アニメ談義 Part 1【気ままに】#003,,,,,,
i50pzv5Zb0M,002,【マニアック？！】第1回ジェスチャー王決定戦 #002,,,,,,
jI80ZvIll3c,001,【内見】狼男と吸血鬼の共同生活【してみた】#001,,,,,,